,name,price,review
0,"""Twelve Blends"" Spice Box With 12 Containers &amp; Spoon In Sheesham Wood",1340,8
1,Sheesham Wood Square Spice Box With Spoon (9 Compartments),993,2
2,Sheesham Wood Square Spice Box With Spoon (9 Containers),1199,1
3,Sheesham Wood Circular Spice Box With Floral Work (9 Compartments),3299,1
4,"'Floral-Etched' Handcrafted Spice Box In Brass With Spoon (7 Containers, 100 ML)",3208,2
5,"Hand Engraved Rectangular Spice Box With Spoon In Sheesham Wood (12 Partitions, 90 ML)",1384,2
6,Sheesham Wood Pyramid Spice Box With Spoon (4 Containers),949,0
7,"'Floral-Etched' Handcrafted Spice Box In Brass With Spoon (7 Containers, 40 ML)",3199,1
8,"'Masala Blends' Handcrafted Spice Box In Brass With Spoon (7 Containers, 40 ML)",3249,2
9,'The Elephant Warriors' Hand Carved Spice Box In Sheesham Wood (7 Containers),3099,1
10,"Handcrafted Hexagonal Spice Box With Spoon In Sheesham Wood (6 Containers, 45 ML)",1149,0
11,"Handcrafted Hexagonal Spice Box With Spoon In Sheesham Wood (7 Partitions, 100 ML)",1299,1
12,"Hand Engraved Square Spice Box With Spoon In Sheesham Wood (9 Partitions, 80 ML)",1199,0
13,"'Rainbow Owl Motif' Spice Box With Spoon In Mango Wood (7 Detachable Containers, 70 ML)",2999,0
14,"'Mystic Owl Block' Hand Carved Spice Box With Spoon In Sheesham Wood (7 Compartments, 80 ML)",3275,0
15,"'The Dancing Peacock' Hand Carved Spice Box With Spoon in Sheesham Wood (7 Partitions, 120 ml each)",3365,0
16,Teak Wood Bird Of Aromas Spice Box (9 Compartments),1623,0
17,Sheesham Wood  Rectangular Spice Box With Hand Carving (3 Compartments),1049,0
18,'Blues Of Sky' Studio Pottery Glazed Coffee Mugs In Ceramic (Set Of 2),649,0
19,"""Leaf Sips"" Hand-Painted &amp; Handglazed Studio Pottery Coffee &amp; Tea Mugs In Ceramic (Set of 2)",645,3
20,'Cocoa Rims' Studio Pottery Tea &amp; Coffee Mugs In Ceramic (Set Of 2),649,0
21,'The Hut Jumbo Cuppas' Hand-Painted Mugs In Ceramic (Set Of 2),649,5
22,"'Mint Chocolate' Hand Glazed Studio Pottery Tea &amp; Coffee Mugs In Ceramic (Set of 2, 362 ML, Microwave Safe)",675,0
23,"""Leaf Sips"" Hand-Painted &amp; Handglazed Studio Pottery Coffee &amp; Tea Mugs In Ceramic (Set of 2)",699,1
24,"'Caramel Blues' Hand Glazed Studio Pottery Tea &amp; Coffee Mugs In Ceramic (Set of 2, 360 ML, Microwave Safe)",725,0
25,Tea-Coffee &amp; Milk Mugs Dual-Glazed Studio Pottery In Ceramic (Set Of 2),699,1
26,Tea-Coffee &amp; Milk Mugs Dual-Glazed Studio Pottery In Ceramic (Set Of 2),649,0
27,'Amber &amp; Teal' Studio Pottery Tea &amp; Coffee Mugs  In Ceramic (Set Of 2),799,0
28,"'Whispers of Warli' Handcrafted Ceramic Tea &amp; Coffee Mugs (Set of 2, 300 ML, Microwave Safe)",599,0
29,'Crimson Caldera' Hand Glazed Studio Pottery Ceramic Coffee &amp; Tea Mugs (Set Of 2),699,1
30,"'Moroccan Turqouise' Hand Glazed &amp; Embossed Coffee Mugs In Ceramic (Set Of 2, 300 ML, Microwave Safe)",599,0
31,Tea-Coffee &amp; Milk Mugs Dual-Glazed Studio Pottery In Ceramic (Set Of 2),599,0
32,"'Earthen Turquoise' Hand Glazed Tea &amp; Coffee Mugs In Ceramic (Set of 2, 360 ML, Microwave Safe)",699,0
33,'Amber &amp; Teal' Studio Pottery Mugs In Ceramic (Set Of 2),725,0
34,'Amber &amp; Teal' Studio Pottery Mugs in Ceramic (Set Of 2),699,1
35,"""Mughal Rims"" Floral Hand-painted Tea &amp; Coffee Mugs In Ceramic (Set of 2)",649,0
36,14 Inch Pyramid Lamp In Sheesham Wood,1219,2
37,20 Inch Dhokra And Warli Handpainted Wooden Lamp Brown,3562,1
38,10 Inch Modern Frosted Glass Lamp In Sheesham Wood,1385,2
39,14 Inch Terracotta Handpainted Madhubani  Tappered Lamp Black,2599,0
40,13 Inch Terracotta Handpainted Warli Matki Lamp Blue,1999,0
41,'The Jute-Shade Log' Madhubani Hand-Painted Table Lamp In Wood,2177,1
42,12 Inch Parrot Table Lamp In Sheesham Wood,2099,1
43,13 Inch Terracotta Handpainted Warli Matki Lamp In Red,1949,0
44,13 Inch Terracotta Handpainted Warli Matki Lamp Red,1999,2
45,''Starlight'' Round Table Lamp In Mango Wood 14 inch,2096,2
46,14 Inch Wooden Lamp Turqouise Blue,1380,0
47,''Volta'' Round Table Lamp In Mango Wood 14 inch,1597,2
48,"Moroccan Shimmer Hand Etched Iron Table Lamp (13 Inch, Copper)",1675,0
49,14 Inch Wooden Lamp Green,1399,0
50,"Moroccan Shimmer Hand Etched Iron Table Lamp (12 Inch, White)",1599,0
51,14 Inch Pyramid Lamp In Wood,1390,0
52,'Warli In Light' Hand-Painted Pot Shaped Round Table Lamp In Terracotta,1880,0
53,''Faraday'' Round Table Lamp In Mango Wood 13 inch,1725,2
54,"'The Hut Family' Hand-Painted Ceramic Quarter Plates (7 Inch, Set Of 6)",1778,1
55,"'The Hut Couple' Hand-Painted Ceramic Dinner Plates (10 Inch, Set Of 2)",1275,2
56,"'The Hut Family' Hand-Painted Ceramic Dinner Plates (10 Inch, Set Of 6)",2956,1
57,"'The Hut Couple' Hand-Painted Ceramic Quarter Plates (7 Inch, Set Of 2)",925,0
58,'The Hut Platter Pack' Hand-Painted Ceramic Plate With Serving Bowls Set,1099,1
59,"'Moroccan Plate Family' Handpainted Plates In Ceramic (10 Inch, Set Of 6)",2299,0
60,'Earthen Turquoise' Hand Glazed Chip-N-Dip Serving Platter In Ceramic (Microwave Safe),949,0
61,"'Moroccan Platter Pair' Hand-Painted Plates In Ceramic (10 Inch, Set Of 2)",949,0
62,"'Moroccan Plate Pair' Handpainted Plates In Ceramic (10 Inch, Set Of 2)",975,0
63,"'Crimson Frisbee' Hand Glazed Studio Pottery Ceramic Dining Plates (10 Inch, Set of 2)",1299,1
64,"'Earthen Turquoise' Hand Glazed Side/Quarter Plates In Ceramic (Set of 6, Microwave Safe)",1899,1
65,"'Crimson Frisbee' Hand Glazed Studio Pottery Ceramic Quarter Plates (7 Inch, Set of 6)",2099,1
66,"'Amber &amp; Teal' Hand Glazed Studio Pottery Dinner Plates In Ceramic (Set of 6, Microwave Safe)",2999,1
67,'Moroccan Platter Pack' Handpainted Plate With Serving Bowl Set Of 2 In Ceramic,925,0
68,"'Crimson Frisbee' Hand Glazed Studio Pottery Ceramic Dining Plates (10 Inch, Set of 6)",3299,0
69,"'Indigo Chevron' Hand-painted Ceramic Dinner Plates (Set of 2, Microwave Safe)",1149,0
70,"'Earthen Turquoise' Hand Glazed Dinner Plates In Ceramic (Set of 6, Microwave Safe)",2999,0
71,"'Crimson Frisbee' Hand Glazed Studio Pottery Ceramic Quarter Plates (7 Inch, Set of 2)",786,0
72,Ceramic Gas Stove Brewing Aroma Diffuser (Studio Pottery),1335,2
73,Ceramic Oil Burner In White,899,1
74,Terracotta Handpainted Aroma Diffusor In Red,749,0
75,Ceramic Breezy Star Aroma Diffuser (Studio Pottery),825,0
76,"'Inaayat' Hand-Hammered Dhoop Dani Incense Burner (Metal, 5 Inch)",1187,2
77,'Oasis Shankh' Hand-Painted Aroma Diffuser In Terracotta (Turquoise Blue),691,0
78,'Terra Glow' Hand-Painted Aroma Diffuser In Terracotta (5 Inches),637,0
79,"'The Warli Tales' Hand-Painted Aroma Diffuser In Terracotta (5 Inch, White)",775,0
80,"'The Warli Tales' Hand-painted Aroma Diffuser In Terracotta (5 Inch, Orange)",636,0
81,"'Starry Nights' Aroma Diffuser In Iron &amp; Wood (10 Inch, Matte Black, Hand-Etched)",1649,0
82,'Owl Carved' Terracotta Aroma Diffuser,629,1
83,'The Gleaming Mughal Jali' Hand Carved Aroma Diffuser In Soapstone (4 Inch),604,0
84,'Owl Motif' Decorative Hanging Metal Wind Chime Set (2 Bells),1115,0
85,Handmade Antique Metal Bell Wind Chime With Leather Strap,999,0
86,'Triple Owl Motifs' Decorative Hanging Metal Wind Chime (6 Bells),1311,1
87,'Floret Symphonies' Hand-Painted Decorative Hanging Bells Wind Chime In Ceramic (24 Inch),1187,0
88,'Hazel Symphonies' Hand-Painted Decorative Hanging Bells Wind Chime In Ceramic (24 Inch),1099,0
89,'Blossoming Symphonies' Hand-Painted Decorative Hanging Bells Wind Chime In Ceramic (24 Inch),1019,0
90,'Floral Symphonies' Hand-Painted Decorative Hanging Bells Wind Chime In Ceramic (24 Inch),1187,0
91,'Monochrome Symphonies' Hand-Painted Decorative Hanging Bells Wind Chime In Ceramic (24 Inch),1175,0
92,'The Singing Bird' Hand-Painted Decorative Hanging Wind Chime In Wood &amp; Metal,725,1
93,'Celestial Fishes' Hand-Painted Wind Chime in Terracotta,650,0
94,'Shades of a Leaf' Hand-Painted Bird Wind Chime In Terracotta,618,0
95,‘Clinkering Songbirds’ Hand-Painted Decorative Hanging Bells Wind Chime In Metal &amp; Wood,1682,1
96,Handmade Wooden Birds Wind Chime Cum Decorative Hanging,1299,1
97,Handmade Wooden Parrots Wind Chime Cum Decorative Hanging,1299,0
98,Bird Collection Wooden Handmade Decorative Wind Chime,1049,1
99,"""Bovine Melody"" Handmade &amp; Hand-Painted Garden Decorative Hanging &amp; Wind Chime In Terracotta",699,0
100,'Breezy Chiming' Hand-Painted Decorative Hanging Bells Wind Chime In Metal,1399,0
101,Multicoloured Wooden Handmade &amp; Hand-Painted Bird Wind Chime With Kutchh Bell,890,0
102,Terracotta Warli Handpainted Pots Blue Set Of 3,718,0
103,Terracotta Warli Handpainted Pots Yellow Set Of 3,725,0
104,'Tribal Rustic Pot-Faces' In Terracotta With Jute Detailing (Set Of 2),791,1
105,Terracotta Warli Handpainted Pots Yellow Set Of 3,717,0
106,Terracotta Warli Handpainted Pots White Set Of 3,717,0
107,Terracotta Warli Handpainted Pots Natural White Set Of 3,725,0
108,Terracotta Warli Handpainted Pots White Set Of 2,849,0
109,Terracotta Handpainted Warli Vase Matki Yellow 6 Inch,717,0
110,Terracotta Warli Handpainted Pots Bright Green Set Of 3,717,0
111,Terracotta Handpainted Warli Vase Matki Neck Red 6 Inch,725,0
112,Terracotta Handpainted Warli Vase Round White 6 Inch,699,0
113,Terracotta Handpainted Warli Vase Tappered Blue 6 Inch,699,0
114,Terracotta Handpainted Warli Vase Matki Blue 6 Inch,725,0
115,Terracotta Warli Handpainted Pots Red Set Of 2,840,0
116,Madhubani Handpainted Bottle Shape Terracotta Vase Set,2599,2
117,'Tribal Pot-Faces' In Terracotta (Set Of 2),791,0
118,Madhubani Handpainted Terracotta Vase Set In Bright Orange,1899,0
119,Terracotta Handpainted Warli Vase Matki Red 6 Inch,699,0
120,"""Coloured Fish"" Handmade &amp; Hand-Painted Garden Decorative Wall Hanging In Terracotta",989,13
121,Gayatri Mantra Terracotta Wall Hanging,840,2
122,8 Terracotta Warli Handpainted Pots With Sheesham Wooden Frame Wall Hanging,2870,3
123,9 Terracotta Warli Handpainted Pots With Sheesham Wooden Frame Wall Hanging,2899,1
124,3 Terracotta Warli Handpainted Pots With Sheesham Wooden Hut Frame Wall Hanging,1399,4
125,"""Rooster &amp; Chicks"" Handmade &amp; Hand-Painted Garden Decorative Wall Hanging In Terracotta",899,4
126,'Kathakali Maquillage' Hand Carved Block Wall Décor In Sheesham Wood,1406,2
127,"""Flapping Birdies"" Handmade &amp; Hand-painted Garden Decorative Wall Hanging In Terracotta (Set of 2)",1125,1
128,"""Flowery Owl"" Handmade &amp; Hand-painted Garden Decorative Wall Hanging Bell In Terracotta",749,0
129,Dhokra Work And Warli Handpainted Horizontal Wall Décor,2099,0
130,Gayatri Mantra Terracotta Wall Hanging,849,0
131,"""Chirping Songbird"" Handmade &amp; Hand-Painted Garden Decorative Wall Hanging In Terracotta",899,2
132,Wooden Wall Shelves With Handpainted Terracotta Pots,3115,0
133,Natural Wooden Log Wall Décor Set,2999,0
134,"""Feathered Birdies"" Handmade &amp; Hand-painted Garden Decorative Wall Hanging In Terracotta (Set of 2)",1199,0
135,"""White-Haired Horse"" Handmade &amp; Hand-Painted Garden Decorative Wall Hanging In Terracotta",799,2
136,Dhokra Work And Warli Handpainted Vertical Wall Décor,2098,0
137,"""Owl Family"" Handmade &amp; Hand-Painted Garden Decorative Wall Hanging In Terracotta",899,1
138,"""Mughal Roots"" Floral Hand-painted Ceramic Planter Pots (Set of 2)",799,1
139,'Planting Moo' Handmade &amp; Hand-painted Planter Pot In Terracotta (6 Inch),649,1
140,"'Mud Blossom Pair' Handmade &amp; Hand-painted Planter Pots In Terracotta (4 Inch, Set of 2)",1075,1
141,'Mud Blossoms' Handmade &amp; Hand-painted Planter Pot In Terracotta (4 Inch),649,0
142,'Melting Glaciers' Studio Pottery Planters (Set Of 2),549,1
143,'Moroccan Roots' Handpainted Planters In Ceramic (Set Of 2),549,0
144,'Spirit of Earth' Handmade &amp; Hand Painted Planter Pot In Terracotta (6 Inches),649,2
145,'Wishing Well' Handmade &amp; Hand Painted Planter Pot In Terracotta (7 Inches),725,0
146,"'Indigo Chevron Duo' Hand-painted Ceramic Cuboidal Table Planter Pots (3.7 Inch, Set of 2)",549,0
147,"'Pecking Hen Pair' Handmade &amp; Hand-painted Planter Pots In Terracotta (4 Inch, Set of 2)",1075,1
148,'Cheerful Sheep' Handmade &amp; Hand Painted Planter Pot In Terracotta (8 Inches),699,0
149,'Curios Sheep' Handmade &amp; Hand-painted Planter Pot In Terracotta (6 Inch),649,0
150,'Cheerful Sheep' Handmade &amp; Hand-painted Planter Pot In Terracotta (6 Inch),649,1
151,'Plant On Wheels' Table Cum Floor Planter Pot In Glossy Red,584,0
152,'Mellow Cat' Handmade &amp; Hand-painted Planter Pot In Terracotta (6.5 Inch),584,0
153,'Plant In A Cup' Table Cum Floor Planter Pot In Glossy Red,775,0
154,'Plant On Wheels' Table Cum Floor Planter Pot In Glossy Grass Green,649,0
155,'Bloom in Tube' Handcrafted Wooden Planter Tubes With Holder,725,0
156,"'Hut Dining' Handpainted Ceramic Dinner &amp; Quarter Plates With Katoris (12 Pieces, Serving for 4)",4337,4
157,"'Hut Dining' Handpainted Ceramic Dinner Plates With Katoris &amp; Serving Bowls (10 Pieces, Serving for 4)",3799,3
158,"'Hut Dining' Handpainted Ceramic Dinner Plates With Katoris (8 Pieces, Serving for 4)",2965,1
159,'The Hut Platter Pack' Hand-Painted Ceramic Plate With Serving Bowls Set,1099,1
160,"'Moroccan Dining' Handpainted Ceramic Dinner Plates With Katoris (8 Pieces, Serving for 4)",2267,1
161,"'Moroccan Dining' Handpainted Ceramic Dinner Plates With Katoris &amp; Serving Bowls (10 Pieces, Serving for 4)",2999,2
162,'Moroccan Platter Pack' Handpainted Plate With Serving Bowl Set Of 2 In Ceramic,925,0
163,"'Earthen Turquoise' Hand Glazed Dinner Plates With Katoris In Ceramic (8 Pieces, Serving for 4, Microwave Safe)",2999,1
164,"'Indigo Chevron' Hand-painted Ceramic Dinner Plates With Serving Bowls &amp; Katoris (10 Pieces, Serving for 4, Microwave Safe)",3449,2
165,"'Indigo Chevron' Hand-painted Ceramic Dinner Plates With Side/Quarter Plates &amp; Katoris (12 Pieces, Serving for 4, Microwave Safe)",3899,1
166,"'Earthen Turquoise' Hand Glazed Dinner Plates With Serving Bowls &amp; Katoris In Ceramic (10 Pieces, Serving for 4, Microwave Safe)",3899,0
167,"'Moroccan Floral' Hand-painted Studio Pottery Dinner Plates With Serving Bowls &amp; Katoris In Ceramic (10 Pieces, Serving for 4, Microwave Safe)",3399,1
168,"'Earthen Turquoise' Hand Glazed Dinner Plate With Katoris In Ceramic (3 Pieces, Serving for 1, Microwave Safe)",1099,0
169,"'Moroccan Meals' Hand-painted Ceramic Dinner Plates With Katoris (8 Pieces, Serving for 4, Microwave Safe)",2204,0
170,"'Indigo Chevron' Hand-painted Ceramic Dinner Plates With Katoris (8 Pieces, Serving for 4, Microwave Safe)",2799,0
171,"'Indigo Chevron' Hand-painted Ceramic Dinner Plate With Katoris (3 Pieces, Serving for 1, Microwave Safe)",1025,1
172,"'Earthen Turquoise' Hand Glazed Dinner Plates With Side/Quarter Plates &amp; Katoris In Ceramic (12 Pieces, Serving for 4, Microwave Safe)",4399,0
173,"'Moroccan Floral' Hand-painted Studio Pottery Dinner Plates With Katoris In Ceramic (8 Pieces, Serving for 4, Microwave Safe)",2499,0
174,"'Shubh Labh Ganesha' Wall Décor Brass Wall Hanging (Hand-Etched, 0.4 Kg)",1139,0
175,"'Englighted Brass Ganesha' Showpiece Idol (Hand-Etched, 0.9 Kg)",2232,0
176,"'Divine Brass Buddha' Showpiece Idol (Hand-Etched, 0.9 Kg)",2184,0
177,"'Invisible Ganesha' Hand Etched Brass Diya (Hand-Etched, 8 Inch, 1.4 Kg)",2944,0
178,"'Elegant Hand Etched' Brass Diya &amp; Dhoop Incense Holder (Hand-Etched, 0.4 Kg)",1092,0
179,"'Peacock' Decorative Table Hanging Brass Diya (5 Wicks, 0.6 Kg, Hand-Etched)",1709,0
180,"'Parrot'  Decorative  Table Hanging Brass Diya (5 Wicks, 0.6 Kg, Hand-Etched)",1994,0
181,"'Inaayat' Dhoop Dani Brass Incense Burner (Hand-Etched, 5 Inch, 0.9Kg)",1354,0
182,"'Fying Angel Horse'  Brass Showpiece Figurine (Hand-Etched, 0.3 Kg)",974,0
183,"'Chariot Brass Ganesha' Showpiece Idol (Hand-Etched, 0.7 Kg)",1899,0
184,"'Nandi'  Carved Brass Showpiece Idol (Hand-Etched, 0.9Kg)",3229,0
185,"'Lotus Shaped' Hand- Carved Brass Diya (Hand-Etched, 0.2 Kg)",594,0
186,"'Swinging Ganesha'  Brass Showpiece (Hand-Etched, 1.3 Kg)",2469,0
187,"'Kamdhenu Cow With Calf'  Brass Showpiece Idol (Hand-Etched, 0.3 Kg)",831,0
188,"'Shankh'  Brass Diya In Brass (5 Wicks, 0.7 Kg, Hand-Etched)",1496,0
189,"'Kamdhenu Cow With Calf' Hand Crafted Brass Showpiece Idol (Hand-Etched, 0.3 Kg)",854,0
190,"'Shree Ganeshaye Namah' Wall Décor Brass Wall Hanging (Hand-Etched, 0.3Kg)",902,0
191,"'Golden Parrot'  Decorative Wall Hanging Brass Diya (5 Wicks, 1.5 Kg, Hand-Etched)",2564,0
192,'Blooming Wood' Handcrafted Wall Decor In Recycled Wood (12 Inch),1169,0
193,'Jubilant Jute' Handcrafted Wall Decor In Recycled Wood &amp; Jute (14 Inch),1328,0
194,'Wooden Foliage' Handcrafted Wall Decor In Recycled Wood &amp; Iron (14 Inch),1169,0
195,'White Tessellations' Handcrafted Wall Decor In Recycled Wood (18 Inch),1304,0
196,'Wooden Leaflet' Handcrafted Wall Decor In Recycled Wood &amp; Iron (18 Inch),1373,0
197,'Celtic Cotton Designs' Handcrafted Wall Decor In Recycled Wood (14 Inch),1214,0
198,'Wodden Florals' Handcrafted Wall Decor In Recycled Wood (12 Inch),1299,0
199,'Cane Designs' Handcrafted Wall Decor In Recycled Wood &amp; Cane (14 Inch),1599,0
200,"'Nrityaki' Wall Décor Hanging In Recycled Wood (11 Inch, Hand-Painted, Multicoloured)",1249,1
201,"'Royal Elephant' Wall Décor Hanging In Recycled Wood (11 Inch, Hand-Painted, Multicoloured)",1249,0
202,"'Chirping Birds' Wall Décor Hanging In Recycled Wood (11 Inch, Hand-Painted, Multicoloured)",1124,0
203,"'Krishna Melodies' Wall Décor Hanging In Recycled Wood (11 Inch, Hand-Painted, Multicoloured)",1124,0
204,'Glass Elegance' Handcrafted Cylindrical Hanging Pendant Lamp in Glass &amp; Iron (7 Inch),1643,0
205,'Glass Splendours' Handcrafted Cuboidal Hanging Pendant Lamp in Glass &amp; Iron (8 Inch),1529,0
206,'Glass Radiance' Handcrafted Octagonal Hanging Pendant Lamp in Glass &amp; Iron (9 Inch),1709,0
207,'Glass Fluorescence' Handcrafted Conical Hanging Pendant Lamp in Glass &amp; Iron (9 Inch),1583,0
208,'Glass Wonders' Handcrafted Cylindrical Hanging Pendant Lamp in Glass &amp; Iron (9 Inch),1643,0
209,'Glass Flares' Handcrafted Hexagonal Hanging Pendant Lamp in Glass &amp; Iron (8 Inch),1825,0
210,'Glass Miracles' Handcrafted Conical Hanging Pendant Lamp in Glass &amp; Iron (8 Inch),1598,0
211,'Glass Sensations' Handcrafted Cuboidal Hanging Pendant Lamp in Glass &amp; Iron (8 Inch),1304,0
212,'Glass Magnificence' Handcrafted Conical Hanging Pendant Lamp in Glass &amp; Iron (8 Inch),1508,0
213,'Glass Glimmers' Handcrafted Cylindrical Hanging Pendant Lamp in Glass &amp; Iron (8 Inch),1599,0
214,'Wood Divines' Handcrafted Cuboidal Hanging Pendant Lamp In Mango Wood (12 Inch),1709,0
215,'Wooden Paradise' Handcrafted Cuboidal Hanging Pendant Lamp In Mango Wood (12 Inch),1709,0
216,'Jute Sensations' Handwoven Pyramidal Hanging Pendant Lamp In Jute &amp; Iron (11 Inch),1599,0
217,'Jute Joys' Handwoven Pyramidal Hanging Pendant Lamp In Jute &amp; Iron (9 Inch),1599,0
218,'Cotton Paradise' Handwoven Conical Hanging Pendant Lamp In Cotton Rope &amp; Iron (14 Inch),1799,0
219,"'Cotton Elegance' Handwoven Adjustable Chandelier With Hanging Lamp Shades In Cotton Rope &amp; Iron (3 Shades, 28 Inch)",2999,0
220,'Monochrome Lights' Hand-Etched Cuboidal Hanging Pendant Lamp In Iron (11 Inch),1425,0
221,'Jute Brilliance' Handwoven Cuboidal Hanging Pendant Lamp In Jute &amp; Iron (11 Inch),1304,0
222,"'Cotton Sparkles' Handwoven Adjustable Chandelier With Hanging Lamp Shades In Cotton Rope &amp; Iron (2 Shades, 27 Inch)",2399,0
223,"'Cotton Lustres' Handwoven Adjustable Chandelier With Hanging Lamp Shades In Cotton Rope &amp; Iron (3 Shades, 22 Inch)",2474,0
224,"'Jute Flares' Handwoven Adjustable Chandelier With Hanging Lamp Shades In Jute &amp; Iron (3 Shades, 22 Inch)",2813,0
225,'Cane Wonders' Handwoven Cylindrical Hanging Pendant Lamp In Cane &amp; Iron (9 Inch),1799,0
226,'Jute Luminescence' Handwoven Spherical Hanging Pendant Lamp In Jute &amp; Iron (8 Inch),1349,0
227,'Jute Marvels' Handwoven Conical Hanging Pendant Lamp In Jute &amp; Iron (14 Inch),1614,0
228,'Blazing Rope' Handwoven Conical Hanging Pendant Lamp In Band Rope &amp; Iron (10 Inch),1549,0
229,'Rope Paradise' Handwoven Conical Hanging Pendant Lamp In Band Rope &amp; Iron (10 Inch),1394,0
230,'Ebony Elegance' Hand-Etched Cylindrical Hanging Pendant Lamp In Iron  (11 Inch),1549,0
231,'Jute Miracles' Handwoven Cylindrical Hanging Pendant Lamp In Jute &amp; Iron (11 Inch),1553,0
232,'Jute Embers' Handwoven Cylindrical Hanging Pendant Lamp In Jute &amp; Iron (11 Inch),1394,0
233,'Jute Splendours' Handwoven Cylindrical Hanging Pendant Lamp In Jute &amp; Iron (11 Inch),1439,0
234,'The Consious Owl' Hand-Painted Showpiece In Wood,1099,0
235,'The Enlightened Owl' Hand-Painted Showpiece In Wood,699,0
236,'The Calm Owl Pair' Hand-Painted Showpiece In Wood (Set of 2),899,0
237,'The Resting Owl Pair' Hand-Painted Showpiece In Wood (Set of 2),999,0
238,'The Wise Owl Pair' Hand-Painted Showpiece In Wood (Set of 2),999,0
239,'The Snowy Owl ' Hand-Painted Spectacle Holder Cum Showpiece In Wood,675,0
240,'The Staring Owl' Hand-Painted Showpiece In Wood,578,0
241,'The Ever Wise Owl' Hand Carved Showpiece In Wood,875,0
242,'The Silent Owl Pair' Hand-Painted Showpiece In Wood (Set of 2),1079,0
243,'The Serene Owl Pair' Hand-Painted Showpiece In Wood (Set of 2),1249,0
244,'The Attentive Owl' Hand Carved Wall Tea Light Holder In Mango Wood (7.8 Inch),764,0
245,'The Vigilant Owl' Hand Carved Wall Tea Light Holder In Mango Wood (7.5 Inch),730,0
246,'The Observant Owl' Hand Carved Showpiece In Wood,774,0
247,'The Knowledgeable Owl' Hand-Painted Showpiece In Wood,749,0
248,'The Wise Old Owl' Hand Carved Showpiece In Wood,788,0
249,'A New Life' Hand-Carved &amp; Hand-Painted Wood Figurine Showpiece (Set of 2),1439,0
250,'Heartbeats' Hand-Carved &amp; Hand-Painted Wood Figurine Showpiece,899,0
251,'Warm Vibes' Hand-Carved &amp; Hand-Painted Wood Figurine Showpiece,899,0
252,'Family Tales' Hand-Carved &amp; Hand-Painted Wood Figurine Showpiece (Set of 2),1439,0
253,'Familyhood Memories' Hand-Carved &amp; Hand-Painted Wood Figurine Showpiece,1034,0
254,'Love Above All' Hand-Carved &amp; Hand-Painted Wood Figurine Showpiece,899,0
255,'Pure Love' Hand-Carved &amp; Hand-Painted Wood Figurine Showpiece,989,0
256,'Expecting Mother' Hand-Carved &amp; Hand-Painted Wood Figurine Showpiece,899,0
257,'Fairy Dust' Hand-Carved &amp; Hand-Painted Wood Figurine Showpiece,989,0
258,'Floral Cones ' Hand-painted Wall Planter Pots In Ceramic (Set of 2),899,0
259,'Buzzing Blues' Tea Chai Glasses In Stoneware With Iron Holder (Set of 6),1399,0
260,'Refreshing Creams' Studio Pottery Ceramic Pickle &amp; Jam Jar With Spoon,1199,1
261,"'Floral Feels' Hand-painted Bathroom Accessory Set In Ceramic (Liquid Soap Dispenser, Toothbrush Holder, Soap Tray)",1149,0
262,"'Green Leaflets' Hand-painted Bathroom Accessory Set In Ceramic (Liquid Soap Dispenser, Toothbrush Holder)",899,0
263,'Peachy Mood' Tea Chai Glasses In Stoneware With Iron Holder (Set of 4),1199,0
264,"'Morning Sips' Handcrafted Studio Pottery Green Tea Filter Mug (Handcrafted, Studio Pottery, Turquoise Blue &amp; Creamish White)",1025,0
265,"'Cascading Creams' Hand-Glazed Serving Bowls With Tray In Stoneware (Set of 2, 200 ML)",1013,0
266,"'Tea Tales' Handcrafted Studio Pottery Green Tea Filter Mug (Handcrafted, Studio Pottery, Fern Green &amp; Cream)",1025,0
267,"'Morning Musts' Handcrafted Studio Pottery Green Tea Filter Mug (Handcrafted, Studio Pottery, Light Brown &amp; Navy Blue)",999,0
268,'Tangy Blues' Studio Pottery Ceramic Pickle &amp; Jam Jar With Spoon,1199,0
269,'Pickle Perks' Studio Pottery Ceramic Pickle &amp; Jam Jar With Spoon,1199,0
270,'Blooming Blossoms' Hand-painted Wall Planter Pots In Ceramic (Set of 2),799,0
271,"'Bustling Bunnies' Handpainted Garden Decorative Showpieces In Iron (Set of 3, 6 Inch)",1899,0
272,'Elephant Glories' Hand-Painted Table Tea Light Holder In Iron (5 Inch),1049,0
273,"'Rajasthani Musical Trio' Handpainted Decorative Showpieces In Iron (Set of 3, 7 Inch)",1999,0
274,"'Rabbit Rumbles' Handpainted Garden Decorative Showpieces In Iron (Set of 3, 8 Inch)",1925,0
275,"'Rabbit Buddies' Handpainted Garden Decorative Showpieces In Iron (Set of 3, 8 Inch)",1899,0
276,'Flute Player' Handpainted Decorative Showpiece In Iron (12 Inch),1148,0
277,'Ethereal Elephant' Handpainted Decorative Showpiece In Iron (7 Inch),1049,0
278,'Owl Mysteries' Handpainted Decorative Showpiece In Metal (9 Inch),1449,0
279,'Melodious Thaalwala' Handpainted Decorative Showpiece In Iron (12 Inch),1148,0
280,'Sitar Musician' Handpainted Decorative Showpiece In Iron (12 Inch),1275,0
281,'Monkey Mischiefs' Hand-Painted Pen Stand In Metal (9 Inch),1124,0
282,"'Melodious Ganesha Trio' Handpainted Decorative Showpieces In Metal (Set of 3, 12 Inch)",2875,0
283,'Rocking Camel' Handpainted Decorative Showpiece In Iron (7 Inch),944,0
284,"'Bird Buddies' Handpainted Garden Decorative Showpieces In Metal (Set of 2, 6 Inch)",1299,0
285,"'The Rabbit Trio' Handpainted Garden Decorative Showpieces In Iron (Set of 3, 7 Inch)",1899,0
286,'Majestic Horse' Handpainted Decorative Showpiece In Iron (8 Inch),1049,0
287,8 Terracotta Warli Handpainted Pots With Sheesham Wooden Frame Wall Hanging,2870,3
288,Terracotta Warli Handpainted Pots Blue Set Of 3,718,0
289,9 Terracotta Warli Handpainted Pots With Sheesham Wooden Frame Wall Hanging,2899,1
290,3 Terracotta Warli Handpainted Pots With Sheesham Wooden Hut Frame Wall Hanging,1399,4
291,Terracotta Warli Handpainted Pots Yellow Set Of 3,725,0
292,'Brass People On Teak Wood' Warli Hand-Painted Key Holder With Dhokra Art (4 Hooks),1632,1
293,Terracotta Warli Handpainted  Pen Stand Knitted Red,549,0
294,'Birds On Planks' Warli Hand-Painted Key Holder In Sheesham Wood (6 Hooks),1371,0
295,Terracotta Warli Handpainted Pots Yellow Set Of 3,717,0
296,20 Inch Dhokra And Warli Handpainted Wooden Lamp Brown,3562,1
297,Terracotta Warli Handpainted Pots White Set Of 3,717,0
298,Terracotta Warli Handpainted Pots Natural White Set Of 3,725,0
299,'Tribal Borders' Warli Hand-Painted Dhokra Key Holder In Sheesham Wood (6 Hooks),1335,0
300,Terracotta Warli Handpainted Pots White Set Of 2,849,0
301,Terracotta Handpainted Warli Vase Matki Yellow 6 Inch,717,0
302,'In-Key-Geneous' Warli Hand-Painted Wooden Key Holder With Dhokra Art,1349,0
303,Terracotta Warli Handpainted Pen Stand Knitted Yellow,549,0
304,'Art In A Name' Warli &amp; Dhokra Customizable Sheesham Wood Name Plate With Handwritten Fonts,1949,1
305,Terracotta Handpainted Warli Vase Matki Yellow 6 Inch,717,0
306,'Paints &amp; Planks' Madhubani Hand-Painted Nested Trays In Sheesham Wood (Set Of 2),2542,1
307,14 Inch Terracotta Handpainted Madhubani  Tappered Lamp Black,2599,0
308,'The Jute-Shade Log' Madhubani Hand-Painted Table Lamp In Wood,2177,1
309,Madhubani Handpainted Bottle Shape Terracotta Vase Set,2599,2
310,Madhubani Handpainted Terracotta Vase Set In Bright Orange,1899,0
311,'In-Key-Geneous' Madhubani Hand-Painted Key Holder In Sheesham &amp; Teak Wood (6 Hooks),1781,0
312,Terracotta Handpainted Madhubani Vase Dholak Natural White 6 Inch,696,0
313,Madhubani Hand-Painted Magazine &amp; Newspaper Stand In Wood,1330,0
314,Terracotta Handpainted Madhubani Matki Flat Natural White 5 Inch,604,0
315,Terracotta Handpainted Warli Vase Matki Neck Natural White 6 Inch,725,0
316,'Wonder-In Circles' Madhubani Hand-Painted Nested Wooden Trays (Set Of 2),2302,0
317,'Glow &amp; Shimmer' Matki Shaped Inctricate Madhubani Hand-Painted Table Lamp In Terracotta (13 Inches),1999,0
318,'The Red-Shade Log' Madhubani Hand-Painted Table Lamp In Wood,1999,0
319,'Mini Triplets' Miniature Pots With Intricate Madhubani Hand-Painting In Terracotta (Set Of 3),799,0
320,Combo Of Terracotta Handpainted Vases Set Of 3,1959,0
321,'The Brownie Elephant' Madhubani Hand-Painted Round Table Lamp In Wood,1631,0
322,'Madhubani Shimmers' Hand-Painted Pot Shaped Round Table Lamp In Terracotta,1999,0
323,Customizable Dhokra Name Plate With Handwritten Fonts,1849,1
324,'Brass People On Teak Wood' Warli Hand-Painted Key Holder With Dhokra Art (4 Hooks),1632,1
325,20 Inch Dhokra And Warli Handpainted Wooden Lamp Brown,3562,1
326,'Tribal Borders' Warli Hand-Painted Dhokra Key Holder In Sheesham Wood (6 Hooks),1335,0
327,'Art In A Name' Warli &amp; Dhokra Customizable Sheesham Wood Name Plate With Handwritten Fonts,1949,1
328,'Dhokr-A-Rrange' Hand-Painted  Wooden Table Organiser With Brass Figurines,1899,1
329,Handcrafted Warli &amp; Dhokra Art Wall Lamp,2299,1
330,Dhokra Work And Warli Handpainted Horizontal Wall Décor,2099,0
331,Wooden Plain Name Plate With Warli &amp; Dhokra Art,892,0
332,Dhokra Candle Stand With Bells,2249,0
333,Natural Wooden Log Wall Décor Set,2999,0
334,"'Tribal Dhokra Lady' Bohemian Brass Necklace Handmade In Dhokra Art (Brass, Wood, Matinee)",1069,0
335,Dhokra Work And Warli Handpainted Vertical Wall Décor,2098,0
336,'Brass-y On Wood' Warli Hand-Painted Dhokra Towel Holder In Sheesham Wood,1649,0
337,"""Tribal Men Rounds"" Bohemian Brass Necklace Handcrafted In Dhokra Art (Matinee)",1139,2
338,Wooden Plain Name Plate With Warli &amp; Dhokra Art,1549,0
339,'Art In A Name' Warli &amp; Dhokra Plain Name Plate In Sheesham Wood,1529,0
340,Sunset Orange &amp; Ocean Blue Handpainted Warli &amp; Dhokra Square Wall Painting Set,2299,0
341,"""Pink Palace Hand Blocked"" Cushion Cover In Silk",371,0
342,"""Chevron Pattern Hand Blocked"" Cushion Cover In Silk (Set Of 2)",650,0
343,"""The Royal Tessellation Hand Blocked"" Cushion Cover In Silk (Set Of 2)",650,0
344,"""Chevron Pattern Hand Blocked"" Cushion Cover In Silk",371,0
345,'The Emperor's Flowers' Hand Block Printed Multi-Utility Travel Organizers In Cotton (Set of 3),2510,0
346,'The Emperor's Flowers' Hand Block Printed Multi-Utility Travel Organizers In Cotton (Set of 3),2510,0
347,"'The Emperor's Flowers' Hand Block Printed Cotton Table Mats (18 X 14 Inches, Set of 6)",1859,0
348,"'The Emperor's Flowers' Hand Block Printed Cotton Table Mats (18 X 14 Inches, Set of 6)",1859,0
349,"'The Emperor's Flowers' Hand Block Printed Cotton Table Mats (18 X 14 Inches, Set of 4)",1418,1
350,"'The Emperor's Flowers' Hand Block Printed Cotton Bed Cover (Single Bed, 90 X 60 Inches)",2045,0
351,"""Geometrical Ornaments Hand Blocked"" Cushion Cover In Silk",371,0
352,"""Tessellation Pattern Hand Blocked"" Cushion Cover In Silk (Set Of 2)",650,0
353,'The Emperor's Flowers' Hand Block Printed Multi-Utility Travel Organizers In Cotton (Set of 3),2510,0
354,"'The Emperor's Flowers' Hand Block Printed Cotton Table Mats (18 X 14 Inches, Set of 4)",1418,0
355,"'The Emperor's Flowers' Hand Block Printed Cotton Table Mats (18 X 14 Inches, Set of 2)",767,0
356,"'The Emperor's Flowers' Hand Block Printed Cotton Table Mat (18 X 14 Inches, Single)",464,0
357,"'The Emperor's Flowers' Hand Block Printed Cotton Table Mats (18 X 14 Inches, Set of 2)",767,0
358,"'The Emperor's Flowers' Hand Block Printed Cotton Table Mat (18 X 14 Inches, Single)",464,0
359,Meenakari Royal Blue Swan Set Handenamelled In Metal,748,0
360,Meenakari Royal Blue Tortoise Set Handenamelled In Metal,749,0
361,Meenakari Royal Blue Elephant Family Handenamelled In Metal,1525,0
362,Meenakari White Swan Handenamelled Set In Metal,775,0
363,Meenakari Royal Blue Elephant Family Handenamelled In Metal,1011,0
364,Sheesham Wood Circular Spice Box With Floral Work (9 Compartments),3299,1
365,Multicoloured Wooden Handmade &amp; Hand-Painted Bird Wind Chime With Kutchh Bell,890,0
366,Bird Collection Wooden Handmade Decorative Wind Chime,1049,1
367,Wooden Floral Leaf Design Napkin Holder,1249,0
368,Floral Design Coasters Set Of 6 With Stand In Sheesham Wood,1441,0
369,'Elephants' Trunk Down' Hand Carved Napkin Holder In Sheesham Wood,825,0
370,'Mughal Jaali' Hand Carved Napkin Holder In Sheesham Wood,799,0
371,Floral Work Cutlery Cum Stationery Holder,1441,0
372,The 'Old Fashioned' Hand Glazed Studio Pottery Ceramic Oil Bottle (1000 ML),799,4
373,The 'Flowy Flora' Mughal Hand-Painted Ink Blue Decorative Ceramic Oil Bottle (1000 ML),849,3
374,'Blues Of Sky' Studio Pottery Glazed Coffee Mugs In Ceramic (Set Of 2),649,0
375,Old Fashioned Ceramic Jars With Hand Carved Tray,1799,0
376,"""Leaf Sips"" Hand-Painted &amp; Handglazed Studio Pottery Coffee &amp; Tea Mugs In Ceramic (Set of 2)",645,3
377,'Two Dips Of Hut' Hand-Painted Ceramic Chutney &amp; Pickle Bowls (Set Of 2),449,0
378,Ceramic Gas Stove Brewing Aroma Diffuser (Studio Pottery),1335,2
379,'Cocoa Rims' Studio Pottery Tea &amp; Coffee Mugs In Ceramic (Set Of 2),649,0
380,'The Hut Handled Bowls'' Hand-Painted Ceramic Bowls (Set Of 2),799,1
381,Studio Pottery Ceramic Cup &amp; Saucer Set Of 6 In Brown,1775,1
382,'The Hut Curved Serving' Hand-Painted Ceramic Bowls (Set Of 2),746,2
383,Ceramic Oil Burner In White,899,1
384,"""Mughal Roots"" Floral Hand-painted Ceramic Planter Pots (Set of 2)",799,1
385,'The Hut Jumbo Cuppas' Hand-Painted Mugs In Ceramic (Set Of 2),649,5
386,'The Serving Hut Goblets'  Hand-Painted Serving Bowls In Ceramic (Set Of 6),1075,0
387,"'Mint Chocolate' Hand Glazed Studio Pottery Tea &amp; Coffee Mugs In Ceramic (Set of 2, 362 ML, Microwave Safe)",675,0
388,"'The Hut Family' Hand-Painted Ceramic Quarter Plates (7 Inch, Set Of 6)",1778,1
389,'The Hut Morning Companions' Hand-Painted Ceramic Tea &amp; Coffee Cups (Set Of 6),1139,0
390,"""Coloured Fish"" Handmade &amp; Hand-Painted Garden Decorative Wall Hanging In Terracotta",989,13
391,Gayatri Mantra Terracotta Wall Hanging,840,2
392,8 Terracotta Warli Handpainted Pots With Sheesham Wooden Frame Wall Hanging,2870,3
393,Terracotta Warli Handpainted Pots Blue Set Of 3,718,0
394,Terracotta Handpainted Bird Feeder For Garden,675,0
395,9 Terracotta Warli Handpainted Pots With Sheesham Wooden Frame Wall Hanging,2899,1
396,'Swinging Hut' Handmade &amp; Hand-painted Bird House In Terracotta (6 Inch),699,2
397,'Swinging Cottage' Handmade &amp; Hand-painted Bird House In Terracotta (6 Inch),749,3
398,3 Terracotta Warli Handpainted Pots With Sheesham Wooden Hut Frame Wall Hanging,1399,4
399,Terracotta Warli Handpainted Pots Yellow Set Of 3,725,0
400,"""Rooster &amp; Chicks"" Handmade &amp; Hand-Painted Garden Decorative Wall Hanging In Terracotta",899,4
401,Terracotta Warli Handpainted  Pen Stand Knitted Red,549,0
402,'Tribal Rustic Pot-Faces' In Terracotta With Jute Detailing (Set Of 2),791,1
403,Terracotta Warli Handpainted Pots Yellow Set Of 3,717,0
404,Terracotta Warli Handpainted Pots White Set Of 3,717,0
405,'Planting Moo' Handmade &amp; Hand-painted Planter Pot In Terracotta (6 Inch),649,1
406,Terracotta Handpainted Aroma Diffusor In Red,749,0
407,Terracotta Warli Handpainted Pots Natural White Set Of 3,725,0
408,"""Twelve Blends"" Spice Box With 12 Containers &amp; Spoon In Sheesham Wood",1340,8
409,Sheesham Wood Square Spice Box With Spoon (9 Compartments),993,2
410,Sheesham Wood Square Spice Box With Spoon (9 Containers),1199,1
411,14 Inch Pyramid Lamp In Sheesham Wood,1219,2
412,"""Bird Collection"" Brown Elegant Napkin Holder In Sheesham Wood""",1529,1
413,'Floral Block' Hand Carved Towel Ring Holder In Sheesham Wood,1499,0
414,9 Terracotta Warli Handpainted Pots With Sheesham Wooden Frame Wall Hanging,2899,1
415,Old Fashioned Ceramic Jars With Hand Carved Tray,1799,0
416,Customizable Dhokra Name Plate With Handwritten Fonts,1849,1
417,Hand-Painted Fishes Napkin Holder In Sheesham Wood,1549,1
418,'Brass People On Teak Wood' Warli Hand-Painted Key Holder With Dhokra Art (4 Hooks),1632,1
419,'Birds On Planks' Warli Hand-Painted Key Holder In Sheesham Wood (6 Hooks),1371,0
420,Sheesham Wood Circular Spice Box With Floral Work (9 Compartments),3299,1
421,20 Inch Dhokra And Warli Handpainted Wooden Lamp Brown,3562,1
422,'Rustic Radiance' Antique Finish Wall Tea Light Holder In Mango Wood &amp; Sheesham Wood,549,3
423,Unique Slanting Salt and Pepper Shaker With Wooden Engraved Tray In Sheesham Wood,949,0
424,‘Nesting Pot-Faces’ Hand-Painted Bird Decorative Hanging In Terracotta &amp; Wood,749,2
425,‘Clinkering Songbirds’ Hand-Painted Decorative Hanging Bells Wind Chime In Metal &amp; Wood,1682,1
426,"'Floral-Etched' Handcrafted Spice Box In Brass With Spoon (7 Containers, 100 ML)",3208,2
427,"'Floral-Etched' Handcrafted Spice Box In Brass With Spoon (7 Containers, 40 ML)",3199,1
428,"'Masala Blends' Handcrafted Spice Box In Brass With Spoon (7 Containers, 40 ML)",3249,2
429,"'Tribal Dhokra Lady' Bohemian Brass Necklace Handmade In Dhokra Art (Brass, Wood, Matinee)",1069,0
430,'Elegant Peacock' Hand-Etched Decorative Hanging Bell In Brass (1139 Grams),2169,0
431,'Lion Laurels ' Hand-Etched Cavred Door Knocker In Brass (343 Grams),1125,0
432,'Elephant Emblems' Hand-Etched Carved Door Knocker In Brass (919 Grams),1999,0
433,'Dancing Ganpati' Hand-Etched Decorative Hanging Bell In Brass (1279 Grams),2263,1
434,'Floral Fresh' Hand-Etched Hanging Tea-Light Holder In Metal With Wall Bracket (7.5 Inch),1599,0
435,"""Tribal Lady Faces"" Bohemain Brass Earrings Handcrafted In Dhokra Art",522,0
436,'Elephant Face Pair' Hand-Etched Wall Decor Hanging In Brass (500 Grams),1199,0
437,"""Tribal Women Faces"" Bohemain Brass Earrings Handcrafted In Dhokra Art",522,0
438,"""Tribal Ovoid Faces"" Bohemain Brass Earrings Handcrafted In Dhokra Art",546,0
439,'Shankh Balaji' Hand-Etched Wall Décor Hanging In Brass (436 Grams),1325,0
440,'Gleeful Ganesha Hand-Etched Decorative Wall Hanging Diyas With Bells In Brass (500 Grams),1399,0
441,'Beautiful Peacock Pair' Hand-Etched Carved Door Handle In Brass (636 Grams),1899,0
442,"'Tribal Dhokra Ladies' Bohemian Earrings Handmade In Dhokra Art (Brass, 3.3 Inch)",474,0
443,"'Tribal Dhokra Ladies' Bohemian Earrings Handmade In Dhokra Art (Brass, Wood, 3.2 Inch)",569,0
444,Bird on Fence Handcrafted Tissue Holder In Iron,675,3
445,Birds On Branch Handcrafted Wall Sconce Tea Light Holder In Iron With Glass Holders,1038,3
446,Glowing Vines Handcrafted Wall Sconce Tea Light Holders In Iron With Glass Holders (Set of 2),1580,1
447,'Oasis Radiance' Hand-Painted Hanging Tea-Light Holder In Iron (Turquoise Blue),939,0
448,"Moroccan Shimmer Hand Etched Iron Table Lamp (13 Inch, Copper)",1675,0
449,"""Warli Mirror"" Hand-Painted Towel Ring Holder In Iron &amp; Pine Wood",1199,0
450,"Moroccan Shimmer Hand Etched Iron Table Lamp (12 Inch, White)",1599,0
451,'Invisible Ganesha' Hand-painted Iron Tea Light Holder (11 Inch),999,0
452,"'Folk Music Mahotsav' Handpainted Decorative Showpieces (Set of 3, Iron, 8 Inch)",2349,0
453,"'Bustling Bunnies' Handpainted Garden Decorative Showpieces In Iron (Set of 3, 6 Inch)",1899,0
454,Glowing Curved Handcrafted Wall Sconce Tea-Light Holders In Iron (Set of 2),446,0
455,"""The Copper Frustum"" Table Planter Pot With Triangular Stand In Iron (8,2 Inch)",693,1
456,'Elephant Glories' Hand-Painted Table Tea Light Holder In Iron (5 Inch),1049,0
457,"'Morrocan Treasure' Hand-etched Pendant Lamp In Iron (8 Inch, Matte Finish)",1699,0
458,"""The Red Bucket"" Wall Planter Pot With Curved Holder In Galvanized Iron",599,0
459,"'Rajasthani Tribal Lady Musicians' Hand-painted Decorative Showpieces (12 Inch, Set of 3, Iron)",2799,0
460,'Mandala Star' Hand Etched Table Lamp In Iron &amp; Mango Wood (11 Inch),1799,0
461,"'Morrocan Waves' Hand-etched Pendant Lamp In Iron (14 Inch, Matte Finish)",1599,1
462,"""The Mughal Aakar"" Hand-Painted Table Spoons In Stainless Steel &amp; Ceramic (Set of 6)",1249,0
463,"""The Mughal Patti"" Hand-Painted Table Spoons In Stainless Steel &amp; Ceramic (Set of 6)",1249,0
464,"""The Mughal Paich Daar"" Hand-Painted Cake Server &amp; Bread Knife In Stainless Steel &amp; Ceramic (Set of 2)",1149,0
465,"""The Mughal Zahri"" Hand-Painted Cake Server &amp; Bread Knife In Stainless Steel &amp; Ceramic (Set of 2)",1034,0
466,"""The Mughal Paich Daar"" Hand-Painted Bottle Opener In Stainless Steel &amp; Ceramic",425,0
467,"""The Mughal Patti"" Hand-Painted Table Forks In Stainless Steel &amp; Ceramic (Set of 6)",1249,0
468,"""The Mughal Paich Daar"" Hand-Painted Table Spoons In Stainless Steel &amp; Ceramic (Set of 6)",1249,0
469,"""The Mughal Patti"" Hand-Painted Serving Spoon Set In Stainless Steel &amp; Ceramic (Set of 2)",1079,1
470,"""The Mughal Paich Daar"" Hand-Painted Table Forks In Stainless Steel &amp; Ceramic (Set of 6)",1249,0
471,"""The Mughal Aakar"" Hand-Painted Table Forks In Stainless Steel &amp; Ceramic (Set of 6)",1123,0
472,"""The Mughal Aakar"" Hand-Painted Serving Spoon Set In Stainless Steel &amp; Ceramic (Set of 2)",1079,0
473,"""The Mughal Paich Daar"" Hand-Painted Serving Spoon Set In Stainless Steel &amp; Ceramic (Set of 2)",1099,0
474,"""The Mughal Aakar"" Hand-Painted  Serving Spoon &amp; Fork Set In Stainless Steel &amp; Ceramic (Set of 2)",1149,0
475,"""The Mughal Paich Daar"" Hand-Painted Serving Fork &amp; Scraper In Stainless Steel &amp; Ceramic (Set of 2)",1149,0
476,"""The Mughal Patti"" Hand-Painted Table Knives In Stainless Steel &amp; Ceramic (Set of 6)",1124,0
477,"""The Mughal Aakar"" Hand-Painted Cake Server &amp; Bread Knife In Stainless Steel &amp; Ceramic (Set of 2)",1149,0
478,"""The Mughal Paich Daar"" Hand-Painted Table Knives In Stainless Steel &amp; Ceramic (Set of 6)",1199,0
479,"""The Mughal Zahri"" Hand-Painted Table Spoons In Stainless Steel &amp; Ceramic (Set of 6)",1124,0
