,name,price,category,image_link
0,"""Twelve Blends"" Spice Box With 12 Containers & Spoon In Sheesham Wood",1340,spice-boxes,cdn.shopify.com/s/files/1/0030/9759/1872/products/EL-005-614_A_400x.jpg
1,Sheesham Wood Square Spice Box With Spoon (9 Compartments),993,spice-boxes,cdn.shopify.com/s/files/1/0030/9759/1872/products/EL-005-058_A_400x.jpg
2,Sheesham Wood Square Spice Box With Spoon (9 Containers),1199,spice-boxes,cdn.shopify.com/s/files/1/0030/9759/1872/products/el-005-153_a_3_400x.jpg
3,Sheesham Wood Circular Spice Box With Floral Work (9 Compartments),3299,spice-boxes,cdn.shopify.com/s/files/1/0030/9759/1872/products/65_400x.png
4,"'Floral-Etched' Handcrafted Spice Box In Brass With Spoon (7 Containers, 100 ML)",3208,spice-boxes,cdn.shopify.com/s/files/1/0030/9759/1872/products/EL-005-958_A_400x.jpg
5,"Hand Engraved Rectangular Spice Box With Spoon In Sheesham Wood (12 Partitions, 90 ML)",1384,spice-boxes,cdn.shopify.com/s/files/1/0030/9759/1872/products/EL-005-753_A_400x.jpg
6,Sheesham Wood Pyramid Spice Box With Spoon (4 Containers),949,spice-boxes,cdn.shopify.com/s/files/1/0030/9759/1872/products/el-005-296_a_400x.jpg
7,"'Floral-Etched' Handcrafted Spice Box In Brass With Spoon (7 Containers, 40 ML)",3199,spice-boxes,cdn.shopify.com/s/files/1/0030/9759/1872/products/49_400x.png
8,"'Masala Blends' Handcrafted Spice Box In Brass With Spoon (7 Containers, 40 ML)",3249,spice-boxes,cdn.shopify.com/s/files/1/0030/9759/1872/products/EL-005-888_A_a37d3d23-b13a-4d32-94c2-25e92b7da3fc_400x.jpg
9,'The Elephant Warriors' Hand Carved Spice Box In Sheesham Wood (7 Containers),3099,spice-boxes,cdn.shopify.com/s/files/1/0030/9759/1872/products/20_400x.png
10,"Handcrafted Hexagonal Spice Box With Spoon In Sheesham Wood (6 Containers, 45 ML)",1149,spice-boxes,cdn.shopify.com/s/files/1/0030/9759/1872/products/EL-005-754_A_400x.jpg
11,"Handcrafted Hexagonal Spice Box With Spoon In Sheesham Wood (7 Partitions, 100 ML)",1299,spice-boxes,cdn.shopify.com/s/files/1/0030/9759/1872/products/EL-005-755_A_1_400x.jpg
12,"Hand Engraved Square Spice Box With Spoon In Sheesham Wood (9 Partitions, 80 ML)",1199,spice-boxes,cdn.shopify.com/s/files/1/0030/9759/1872/products/EL-005-752_A_400x.jpg
13,"'Rainbow Owl Motif' Spice Box With Spoon In Mango Wood (7 Detachable Containers, 70 ML)",2999,spice-boxes,cdn.shopify.com/s/files/1/0030/9759/1872/products/EL-005-884_A_400x.jpg
14,"'Mystic Owl Block' Hand Carved Spice Box With Spoon In Sheesham Wood (7 Compartments, 80 ML)",3275,spice-boxes,cdn.shopify.com/s/files/1/0030/9759/1872/products/EL-005-886_A_400x.jpg
15,"'The Dancing Peacock' Hand Carved Spice Box With Spoon in Sheesham Wood (7 Partitions, 120 ml each)",3365,spice-boxes,cdn.shopify.com/s/files/1/0030/9759/1872/products/91_400x.png
16,Teak Wood Bird Of Aromas Spice Box (9 Compartments),1623,spice-boxes,cdn.shopify.com/s/files/1/0030/9759/1872/products/63_400x.png
17,Sheesham Wood  Rectangular Spice Box With Hand Carving (3 Compartments),1049,spice-boxes,cdn.shopify.com/s/files/1/0030/9759/1872/products/el-005-079_a_1_400x.jpg
18,'Blues Of Sky' Studio Pottery Glazed Coffee Mugs In Ceramic (Set Of 2),649,coffee-mugs,cdn.shopify.com/s/files/1/0030/9759/1872/products/el-005-344_a_400x.jpg
19,"""Leaf Sips"" Hand-Painted & Handglazed Studio Pottery Coffee & Tea Mugs In Ceramic (Set of 2)",645,coffee-mugs,cdn.shopify.com/s/files/1/0030/9759/1872/products/EL-005-620_A_400x.jpg
20,'Cocoa Rims' Studio Pottery Tea & Coffee Mugs In Ceramic (Set Of 2),649,coffee-mugs,cdn.shopify.com/s/files/1/0030/9759/1872/products/el-005-473_a_400x.jpg
21,'The Hut Jumbo Cuppas' Hand-Painted Mugs In Ceramic (Set Of 2),649,coffee-mugs,cdn.shopify.com/s/files/1/0030/9759/1872/products/el-005-508_a_400x.jpg
22,"'Mint Chocolate' Hand Glazed Studio Pottery Tea & Coffee Mugs In Ceramic (Set of 2, 362 ML, Microwave Safe)",675,coffee-mugs,cdn.shopify.com/s/files/1/0030/9759/1872/products/69_400x.png
23,"""Leaf Sips"" Hand-Painted & Handglazed Studio Pottery Coffee & Tea Mugs In Ceramic (Set of 2)",699,coffee-mugs,cdn.shopify.com/s/files/1/0030/9759/1872/products/EL-005-619_A_400x.jpg
24,"'Caramel Blues' Hand Glazed Studio Pottery Tea & Coffee Mugs In Ceramic (Set of 2, 360 ML, Microwave Safe)",725,coffee-mugs,cdn.shopify.com/s/files/1/0030/9759/1872/products/67_400x.png
25,Tea-Coffee & Milk Mugs Dual-Glazed Studio Pottery In Ceramic (Set Of 2),699,coffee-mugs,cdn.shopify.com/s/files/1/0030/9759/1872/products/el-005-409_a_400x.jpg
26,Tea-Coffee & Milk Mugs Dual-Glazed Studio Pottery In Ceramic (Set Of 2),649,coffee-mugs,cdn.shopify.com/s/files/1/0030/9759/1872/products/el-005-405_a_400x.jpg
27,'Amber & Teal' Studio Pottery Tea & Coffee Mugs  In Ceramic (Set Of 2),799,coffee-mugs,cdn.shopify.com/s/files/1/0030/9759/1872/products/7_400x.png
28,"'Whispers of Warli' Handcrafted Ceramic Tea & Coffee Mugs (Set of 2, 300 ML, Microwave Safe)",599,coffee-mugs,cdn.shopify.com/s/files/1/0030/9759/1872/products/WhispersofWarli_HandcraftedCeramicTea_CoffeeMugs_Setof2_300ML_MicrowaveSafe__A_400x.jpg
29,'Crimson Caldera' Hand Glazed Studio Pottery Ceramic Coffee & Tea Mugs (Set Of 2),699,coffee-mugs,cdn.shopify.com/s/files/1/0030/9759/1872/products/el-005-519_a_400x.jpg
30,"'Moroccan Turqouise' Hand Glazed & Embossed Coffee Mugs In Ceramic (Set Of 2, 300 ML, Microwave Safe)",599,coffee-mugs,cdn.shopify.com/s/files/1/0030/9759/1872/products/MoroccanTurqouise_HandGlazed_EmbossedCoffeeMugsInCeramic_SetOf2_300ML_MicrowaveSafe__A_400x.jpg
31,Tea-Coffee & Milk Mugs Dual-Glazed Studio Pottery In Ceramic (Set Of 2),599,coffee-mugs,cdn.shopify.com/s/files/1/0030/9759/1872/products/el-005-408_a_400x.jpg
32,"'Earthen Turquoise' Hand Glazed Tea & Coffee Mugs In Ceramic (Set of 2, 360 ML, Microwave Safe)",699,coffee-mugs,cdn.shopify.com/s/files/1/0030/9759/1872/products/LuxuryCollectionProductImages_400x.png
33,'Amber & Teal' Studio Pottery Mugs In Ceramic (Set Of 2),725,coffee-mugs,cdn.shopify.com/s/files/1/0030/9759/1872/products/9_400x.png
34,'Amber & Teal' Studio Pottery Mugs in Ceramic (Set Of 2),699,coffee-mugs,cdn.shopify.com/s/files/1/0030/9759/1872/products/8_400x.png
35,"""Mughal Rims"" Floral Hand-painted Tea & Coffee Mugs In Ceramic (Set of 2)",649,coffee-mugs,cdn.shopify.com/s/files/1/0030/9759/1872/products/EL-005-666_A_400x.jpg
36,14 Inch Pyramid Lamp In Sheesham Wood,1219,table-lamps,cdn.shopify.com/s/files/1/0030/9759/1872/products/el-003-061-_a_400x.jpg
37,20 Inch Dhokra And Warli Handpainted Wooden Lamp Brown,3562,table-lamps,cdn.shopify.com/s/files/1/0030/9759/1872/products/el-003-038_a_3_400x.jpg
38,10 Inch Modern Frosted Glass Lamp In Sheesham Wood,1385,table-lamps,cdn.shopify.com/s/files/1/0030/9759/1872/products/el-003-076_a_3_400x.jpg
39,14 Inch Terracotta Handpainted Madhubani  Tappered Lamp Black,2599,table-lamps,cdn.shopify.com/s/files/1/0030/9759/1872/products/el-003-005_a_2_400x.jpg
40,13 Inch Terracotta Handpainted Warli Matki Lamp Blue,1999,table-lamps,cdn.shopify.com/s/files/1/0030/9759/1872/products/EL-003-050_A_f8535952-3464-4a6a-b3ff-e66dcf2ce063_400x.jpg
41,'The Jute-Shade Log' Madhubani Hand-Painted Table Lamp In Wood,2177,table-lamps,cdn.shopify.com/s/files/1/0030/9759/1872/products/el-003-155_a_400x.jpg
42,12 Inch Parrot Table Lamp In Sheesham Wood,2099,table-lamps,cdn.shopify.com/s/files/1/0030/9759/1872/products/el-003-122_a_2_400x.jpg
43,13 Inch Terracotta Handpainted Warli Matki Lamp In Red,1949,table-lamps,cdn.shopify.com/s/files/1/0030/9759/1872/products/EL-003-107_A_400x.jpg
44,13 Inch Terracotta Handpainted Warli Matki Lamp Red,1999,table-lamps,cdn.shopify.com/s/files/1/0030/9759/1872/products/EL-003-047_A_400x.jpg
45,''Starlight'' Round Table Lamp In Mango Wood 14 inch,2096,table-lamps,cdn.shopify.com/s/files/1/0030/9759/1872/products/EL-003-194_B_400x.jpg
46,14 Inch Wooden Lamp Turqouise Blue,1380,table-lamps,cdn.shopify.com/s/files/1/0030/9759/1872/products/el-003-042_a_4_400x.jpg
47,''Volta'' Round Table Lamp In Mango Wood 14 inch,1597,table-lamps,cdn.shopify.com/s/files/1/0030/9759/1872/products/EL-003-191_B_400x.jpg
48,"Moroccan Shimmer Hand Etched Iron Table Lamp (13 Inch, Copper)",1675,table-lamps,cdn.shopify.com/s/files/1/0030/9759/1872/products/EL-003-185_A_400x.jpg
49,14 Inch Wooden Lamp Green,1399,table-lamps,cdn.shopify.com/s/files/1/0030/9759/1872/products/el-003-003_a_3_400x.jpg
50,"Moroccan Shimmer Hand Etched Iron Table Lamp (12 Inch, White)",1599,table-lamps,cdn.shopify.com/s/files/1/0030/9759/1872/products/EL-003-187_A_400x.jpg
51,14 Inch Pyramid Lamp In Wood,1390,table-lamps,cdn.shopify.com/s/files/1/0030/9759/1872/products/el-003-092_aa_400x.jpg
52,'Warli In Light' Hand-Painted Pot Shaped Round Table Lamp In Terracotta,1880,table-lamps,cdn.shopify.com/s/files/1/0030/9759/1872/products/el-003-146_a_400x.jpg
53,''Faraday'' Round Table Lamp In Mango Wood 13 inch,1725,table-lamps,cdn.shopify.com/s/files/1/0030/9759/1872/products/EL-003-189_B_400x.jpg
54,"'The Hut Family' Hand-Painted Ceramic Quarter Plates (7 Inch, Set Of 6)",1778,plates-platters,cdn.shopify.com/s/files/1/0030/9759/1872/products/el-005-462_a_400x.jpg
55,"'The Hut Couple' Hand-Painted Ceramic Dinner Plates (10 Inch, Set Of 2)",1275,plates-platters,cdn.shopify.com/s/files/1/0030/9759/1872/products/el-005-466_a_400x.jpg
56,"'The Hut Family' Hand-Painted Ceramic Dinner Plates (10 Inch, Set Of 6)",2956,plates-platters,cdn.shopify.com/s/files/1/0030/9759/1872/products/el-005-464_a_400x.jpg
57,"'The Hut Couple' Hand-Painted Ceramic Quarter Plates (7 Inch, Set Of 2)",925,plates-platters,cdn.shopify.com/s/files/1/0030/9759/1872/products/el-005-463_a_400x.jpg
58,'The Hut Platter Pack' Hand-Painted Ceramic Plate With Serving Bowls Set,1099,plates-platters,cdn.shopify.com/s/files/1/0030/9759/1872/products/el-005-465_a_400x.jpg
59,"'Moroccan Plate Family' Handpainted Plates In Ceramic (10 Inch, Set Of 6)",2299,plates-platters,cdn.shopify.com/s/files/1/0030/9759/1872/products/el-005-396_a_1_400x.jpg
60,'Earthen Turquoise' Hand Glazed Chip-N-Dip Serving Platter In Ceramic (Microwave Safe),949,plates-platters,cdn.shopify.com/s/files/1/0030/9759/1872/products/44_400x.png
61,"'Moroccan Platter Pair' Hand-Painted Plates In Ceramic (10 Inch, Set Of 2)",949,plates-platters,cdn.shopify.com/s/files/1/0030/9759/1872/products/el-005-505_a_400x.jpg
62,"'Moroccan Plate Pair' Handpainted Plates In Ceramic (10 Inch, Set Of 2)",975,plates-platters,cdn.shopify.com/s/files/1/0030/9759/1872/products/el-005-397_a_400x.jpg
63,"'Crimson Frisbee' Hand Glazed Studio Pottery Ceramic Dining Plates (10 Inch, Set of 2)",1299,plates-platters,cdn.shopify.com/s/files/1/0030/9759/1872/products/el-005-545_a_400x.jpg
64,"'Earthen Turquoise' Hand Glazed Side/Quarter Plates In Ceramic (Set of 6, Microwave Safe)",1899,plates-platters,cdn.shopify.com/s/files/1/0030/9759/1872/products/41_400x.png
65,"'Crimson Frisbee' Hand Glazed Studio Pottery Ceramic Quarter Plates (7 Inch, Set of 6)",2099,plates-platters,cdn.shopify.com/s/files/1/0030/9759/1872/products/el-005-547_a_400x.jpg
66,"'Amber & Teal' Hand Glazed Studio Pottery Dinner Plates In Ceramic (Set of 6, Microwave Safe)",2999,plates-platters,cdn.shopify.com/s/files/1/0030/9759/1872/products/2_400x.png
67,'Moroccan Platter Pack' Handpainted Plate With Serving Bowl Set Of 2 In Ceramic,925,plates-platters,cdn.shopify.com/s/files/1/0030/9759/1872/products/el-005-395_a_400x.jpg
68,"'Crimson Frisbee' Hand Glazed Studio Pottery Ceramic Dining Plates (10 Inch, Set of 6)",3299,plates-platters,cdn.shopify.com/s/files/1/0030/9759/1872/products/el-005-544_a_400x.jpg
69,"'Indigo Chevron' Hand-painted Ceramic Dinner Plates (Set of 2, Microwave Safe)",1149,plates-platters,cdn.shopify.com/s/files/1/0030/9759/1872/products/EL-005-870_A_400x.jpg
70,"'Earthen Turquoise' Hand Glazed Dinner Plates In Ceramic (Set of 6, Microwave Safe)",2999,plates-platters,cdn.shopify.com/s/files/1/0030/9759/1872/products/43_400x.png
71,"'Crimson Frisbee' Hand Glazed Studio Pottery Ceramic Quarter Plates (7 Inch, Set of 2)",786,plates-platters,cdn.shopify.com/s/files/1/0030/9759/1872/products/el-005-546_a_400x.jpg
72,Ceramic Gas Stove Brewing Aroma Diffuser (Studio Pottery),1335,aroma-diffusers,cdn.shopify.com/s/files/1/0030/9759/1872/products/48_400x.png
73,Ceramic Oil Burner In White,899,aroma-diffusers,cdn.shopify.com/s/files/1/0030/9759/1872/products/el-008-024_a_400x.jpg
74,Terracotta Handpainted Aroma Diffusor In Red,749,aroma-diffusers,cdn.shopify.com/s/files/1/0030/9759/1872/products/el-008-002_a_3_400x.jpg
75,Ceramic Breezy Star Aroma Diffuser (Studio Pottery),825,aroma-diffusers,cdn.shopify.com/s/files/1/0030/9759/1872/products/60_22b0e0a9-8201-472d-af0d-f47e66ea95a9_400x.png
76,"'Inaayat' Hand-Hammered Dhoop Dani Incense Burner (Metal, 5 Inch)",1187,aroma-diffusers,cdn.shopify.com/s/files/1/0030/9759/1872/products/EL-008-280_A_400x.jpg
77,'Oasis Shankh' Hand-Painted Aroma Diffuser In Terracotta (Turquoise Blue),691,aroma-diffusers,cdn.shopify.com/s/files/1/0030/9759/1872/products/EL-008-221_A_400x.jpg
78,'Terra Glow' Hand-Painted Aroma Diffuser In Terracotta (5 Inches),637,aroma-diffusers,cdn.shopify.com/s/files/1/0030/9759/1872/products/EL-008-138_A_638afcb4-05a5-43a5-8e33-334684233b3f_400x.jpg
79,"'The Warli Tales' Hand-Painted Aroma Diffuser In Terracotta (5 Inch, White)",775,aroma-diffusers,cdn.shopify.com/s/files/1/0030/9759/1872/products/EL-008-265_A_400x.jpg
80,"'The Warli Tales' Hand-painted Aroma Diffuser In Terracotta (5 Inch, Orange)",636,aroma-diffusers,cdn.shopify.com/s/files/1/0030/9759/1872/products/EL-008-267_A_400x.jpg
81,"'Starry Nights' Aroma Diffuser In Iron & Wood (10 Inch, Matte Black, Hand-Etched)",1649,aroma-diffusers,cdn.shopify.com/s/files/1/0030/9759/1872/products/starry-nights-aroma-diffuser-in-iron-_-wood-10-inch-matte-black-hand-etched-el-008-304_1_400x.jpg
82,'Owl Carved' Terracotta Aroma Diffuser,629,aroma-diffusers,cdn.shopify.com/s/files/1/0030/9759/1872/products/el-008-130_a_400x.jpg
83,'The Gleaming Mughal Jali' Hand Carved Aroma Diffuser In Soapstone (4 Inch),604,aroma-diffusers,cdn.shopify.com/s/files/1/0030/9759/1872/products/EL-008-262_A_400x.jpg
84,'Owl Motif' Decorative Hanging Metal Wind Chime Set (2 Bells),1115,wind-chimes,cdn.shopify.com/s/files/1/0030/9759/1872/products/el-015-074_a_400x.jpg
85,Handmade Antique Metal Bell Wind Chime With Leather Strap,999,wind-chimes,cdn.shopify.com/s/files/1/0030/9759/1872/products/el-015-068_a_1_400x.jpg
86,'Triple Owl Motifs' Decorative Hanging Metal Wind Chime (6 Bells),1311,wind-chimes,cdn.shopify.com/s/files/1/0030/9759/1872/products/el-015-071_a_400x.jpg
87,'Floret Symphonies' Hand-Painted Decorative Hanging Bells Wind Chime In Ceramic (24 Inch),1187,wind-chimes,cdn.shopify.com/s/files/1/0030/9759/1872/products/floret-symphonies-hand-painted-decorative-hanging-bells-wind-chime-in-ceramic-24-inch_1_400x.jpg
88,'Hazel Symphonies' Hand-Painted Decorative Hanging Bells Wind Chime In Ceramic (24 Inch),1099,wind-chimes,cdn.shopify.com/s/files/1/0030/9759/1872/products/hazel-symphonies-hand-painted-decorative-hanging-bells-wind-chime-in-ceramic-24-inch_1_400x.jpg
89,'Blossoming Symphonies' Hand-Painted Decorative Hanging Bells Wind Chime In Ceramic (24 Inch),1019,wind-chimes,cdn.shopify.com/s/files/1/0030/9759/1872/products/blossoming-symphonies-hand-painted-decorative-hanging-bells-wind-chime-in-ceramic-24-inch_1_400x.jpg
90,'Floral Symphonies' Hand-Painted Decorative Hanging Bells Wind Chime In Ceramic (24 Inch),1187,wind-chimes,cdn.shopify.com/s/files/1/0030/9759/1872/products/floral-symphonies-hand-painted-decorative-hanging-bells-wind-chime-in-ceramic-24-inch_1_400x.jpg
91,'Monochrome Symphonies' Hand-Painted Decorative Hanging Bells Wind Chime In Ceramic (24 Inch),1175,wind-chimes,cdn.shopify.com/s/files/1/0030/9759/1872/products/monochrome-symphonies-hand-painted-decorative-hanging-bells-wind-chime-in-ceramic-24-inch_1_400x.jpg
92,'The Singing Bird' Hand-Painted Decorative Hanging Wind Chime In Wood & Metal,725,wind-chimes,cdn.shopify.com/s/files/1/0030/9759/1872/products/el-015-044_a_3_400x.jpg
93,'Celestial Fishes' Hand-Painted Wind Chime in Terracotta,650,wind-chimes,cdn.shopify.com/s/files/1/0030/9759/1872/products/EL-015-112_A_400x.jpg
94,'Shades of a Leaf' Hand-Painted Bird Wind Chime In Terracotta,618,wind-chimes,cdn.shopify.com/s/files/1/0030/9759/1872/products/EL-015-114_A_400x.jpg
95,‘Clinkering Songbirds’ Hand-Painted Decorative Hanging Bells Wind Chime In Metal & Wood,1682,wind-chimes,cdn.shopify.com/s/files/1/0030/9759/1872/products/el-015-057_a_400x.jpg
96,Handmade Wooden Birds Wind Chime Cum Decorative Hanging,1299,wind-chimes,cdn.shopify.com/s/files/1/0030/9759/1872/products/el-015-018_aa_400x.jpg
97,Handmade Wooden Parrots Wind Chime Cum Decorative Hanging,1299,wind-chimes,cdn.shopify.com/s/files/1/0030/9759/1872/products/el-015-019_a_400x.jpg
98,Bird Collection Wooden Handmade Decorative Wind Chime,1049,wind-chimes,cdn.shopify.com/s/files/1/0030/9759/1872/products/el-015-025_a_400x.jpg
99,"""Bovine Melody"" Handmade & Hand-Painted Garden Decorative Hanging & Wind Chime In Terracotta",699,wind-chimes,cdn.shopify.com/s/files/1/0030/9759/1872/products/EL-015-090_A_400x.jpg
100,'Breezy Chiming' Hand-Painted Decorative Hanging Bells Wind Chime In Metal,1399,wind-chimes,cdn.shopify.com/s/files/1/0030/9759/1872/products/el-015-048_a_2_400x.jpg
101,Multicoloured Wooden Handmade & Hand-Painted Bird Wind Chime With Kutchh Bell,890,wind-chimes,cdn.shopify.com/s/files/1/0030/9759/1872/products/el-015-039_a_400x.jpg
102,Terracotta Warli Handpainted Pots Blue Set Of 3,718,decorative-vases,cdn.shopify.com/s/files/1/0030/9759/1872/products/EL-004-012_A_1cf34b83-3346-472e-857d-a17b853c8493_400x.jpg
103,Terracotta Warli Handpainted Pots Yellow Set Of 3,725,decorative-vases,cdn.shopify.com/s/files/1/0030/9759/1872/products/EL-004-002_A_9fcc0246-3196-4187-9c8e-bf6d82434636_400x.jpg
104,'Tribal Rustic Pot-Faces' In Terracotta With Jute Detailing (Set Of 2),791,decorative-vases,cdn.shopify.com/s/files/1/0030/9759/1872/products/EL-004-016_A_400x.jpg
105,Terracotta Warli Handpainted Pots Yellow Set Of 3,717,decorative-vases,cdn.shopify.com/s/files/1/0030/9759/1872/products/EL-004-010_A_823e6e8c-02f7-4add-950e-5c46c1003994_400x.jpg
106,Terracotta Warli Handpainted Pots White Set Of 3,717,decorative-vases,cdn.shopify.com/s/files/1/0030/9759/1872/products/EL-004-001_A_6df12927-4de1-400d-ae17-a470e7db9a72_400x.jpg
107,Terracotta Warli Handpainted Pots Natural White Set Of 3,725,decorative-vases,cdn.shopify.com/s/files/1/0030/9759/1872/products/EL-004-003_A_c2551c74-1511-4493-9372-29df11a26bd6_400x.jpg
108,Terracotta Warli Handpainted Pots White Set Of 2,849,decorative-vases,cdn.shopify.com/s/files/1/0030/9759/1872/products/EL-004-005_A_400x.jpg
109,Terracotta Handpainted Warli Vase Matki Yellow 6 Inch,717,decorative-vases,cdn.shopify.com/s/files/1/0030/9759/1872/products/el-006-038_a_4_400x.jpg
110,Terracotta Warli Handpainted Pots Bright Green Set Of 3,717,decorative-vases,cdn.shopify.com/s/files/1/0030/9759/1872/products/EL-004-013_A_f38242b5-239f-4e4c-95c2-345cac808fd2_400x.jpg
111,Terracotta Handpainted Warli Vase Matki Neck Red 6 Inch,725,decorative-vases,cdn.shopify.com/s/files/1/0030/9759/1872/products/el-006-014_a_4_400x.jpg
112,Terracotta Handpainted Warli Vase Round White 6 Inch,699,decorative-vases,cdn.shopify.com/s/files/1/0030/9759/1872/products/el-006-020_a_4_400x.jpg
113,Terracotta Handpainted Warli Vase Tappered Blue 6 Inch,699,decorative-vases,cdn.shopify.com/s/files/1/0030/9759/1872/products/el-006-018_a_4_400x.jpg
114,Terracotta Handpainted Warli Vase Matki Blue 6 Inch,725,decorative-vases,cdn.shopify.com/s/files/1/0030/9759/1872/products/el-006-013_a_4_400x.jpg
115,Terracotta Warli Handpainted Pots Red Set Of 2,840,decorative-vases,cdn.shopify.com/s/files/1/0030/9759/1872/products/EL-004-004_A_400x.jpg
116,Madhubani Handpainted Bottle Shape Terracotta Vase Set,2599,decorative-vases,cdn.shopify.com/s/files/1/0030/9759/1872/products/el-006-056_a_1_400x.jpg
117,'Tribal Pot-Faces' In Terracotta (Set Of 2),791,decorative-vases,cdn.shopify.com/s/files/1/0030/9759/1872/products/EL-004-019_A_400x.jpg
118,Madhubani Handpainted Terracotta Vase Set In Bright Orange,1899,decorative-vases,cdn.shopify.com/s/files/1/0030/9759/1872/products/el-006-058_a_3_400x.jpg
119,Terracotta Handpainted Warli Vase Matki Red 6 Inch,699,decorative-vases,cdn.shopify.com/s/files/1/0030/9759/1872/products/el-006-015_a_4_400x.jpg
120,"""Coloured Fish"" Handmade & Hand-Painted Garden Decorative Wall Hanging In Terracotta",989,wall-hangings,cdn.shopify.com/s/files/1/0030/9759/1872/products/EL-002-127_A_400x.jpg
121,Gayatri Mantra Terracotta Wall Hanging,840,wall-hangings,cdn.shopify.com/s/files/1/0030/9759/1872/products/el-002-019_a_5_400x.jpg
122,8 Terracotta Warli Handpainted Pots With Sheesham Wooden Frame Wall Hanging,2870,wall-hangings,cdn.shopify.com/s/files/1/0030/9759/1872/products/el-002-001_a_3_400x.jpg
123,9 Terracotta Warli Handpainted Pots With Sheesham Wooden Frame Wall Hanging,2899,wall-hangings,cdn.shopify.com/s/files/1/0030/9759/1872/products/el-002-003_1_400x.jpg
124,3 Terracotta Warli Handpainted Pots With Sheesham Wooden Hut Frame Wall Hanging,1399,wall-hangings,cdn.shopify.com/s/files/1/0030/9759/1872/products/el-002-006_a_3_400x.jpg
125,"""Rooster & Chicks"" Handmade & Hand-Painted Garden Decorative Wall Hanging In Terracotta",899,wall-hangings,cdn.shopify.com/s/files/1/0030/9759/1872/products/EL-002-126_A_400x.jpg
126,'Kathakali Maquillage' Hand Carved Block Wall Décor In Sheesham Wood,1406,wall-hangings,cdn.shopify.com/s/files/1/0030/9759/1872/products/EL-002-157_A_400x.jpg
127,"""Flapping Birdies"" Handmade & Hand-painted Garden Decorative Wall Hanging In Terracotta (Set of 2)",1125,wall-hangings,cdn.shopify.com/s/files/1/0030/9759/1872/products/EL-002-142_A_400x.jpg
128,"""Flowery Owl"" Handmade & Hand-painted Garden Decorative Wall Hanging Bell In Terracotta",749,wall-hangings,cdn.shopify.com/s/files/1/0030/9759/1872/products/EL-002-151_A_400x.jpg
129,Dhokra Work And Warli Handpainted Horizontal Wall Décor,2099,wall-hangings,cdn.shopify.com/s/files/1/0030/9759/1872/products/el-002-032_a_5_400x.jpg
130,Gayatri Mantra Terracotta Wall Hanging,849,wall-hangings,cdn.shopify.com/s/files/1/0030/9759/1872/products/el-002-045_a_6_400x.jpg
131,"""Chirping Songbird"" Handmade & Hand-Painted Garden Decorative Wall Hanging In Terracotta",899,wall-hangings,cdn.shopify.com/s/files/1/0030/9759/1872/products/EL-002-125_A_400x.jpg
132,Wooden Wall Shelves With Handpainted Terracotta Pots,3115,wall-hangings,cdn.shopify.com/s/files/1/0030/9759/1872/products/el-002-055_a_400x.jpg
133,Natural Wooden Log Wall Décor Set,2999,wall-hangings,cdn.shopify.com/s/files/1/0030/9759/1872/products/el-002-038_a_4_7564cad2-eb9d-463b-b434-18c80d1b3d31_400x.jpg
134,"""Feathered Birdies"" Handmade & Hand-painted Garden Decorative Wall Hanging In Terracotta (Set of 2)",1199,wall-hangings,cdn.shopify.com/s/files/1/0030/9759/1872/products/EL-002-139_A_400x.jpg
135,"""White-Haired Horse"" Handmade & Hand-Painted Garden Decorative Wall Hanging In Terracotta",799,wall-hangings,cdn.shopify.com/s/files/1/0030/9759/1872/products/EL-002-122_A_400x.jpg
136,Dhokra Work And Warli Handpainted Vertical Wall Décor,2098,wall-hangings,cdn.shopify.com/s/files/1/0030/9759/1872/products/el-002-031_a_4_400x.jpg
137,"""Owl Family"" Handmade & Hand-Painted Garden Decorative Wall Hanging In Terracotta",899,wall-hangings,cdn.shopify.com/s/files/1/0030/9759/1872/products/EL-002-128_A_400x.jpg
138,"""Mughal Roots"" Floral Hand-painted Ceramic Planter Pots (Set of 2)",799,table-planters,cdn.shopify.com/s/files/1/0030/9759/1872/products/EL-021-081_A_400x.jpg
139,'Planting Moo' Handmade & Hand-painted Planter Pot In Terracotta (6 Inch),649,table-planters,cdn.shopify.com/s/files/1/0030/9759/1872/products/EL-021-098_A_400x.jpg
140,"'Mud Blossom Pair' Handmade & Hand-painted Planter Pots In Terracotta (4 Inch, Set of 2)",1075,table-planters,cdn.shopify.com/s/files/1/0030/9759/1872/products/EL-021-108_A_400x.jpg
141,'Mud Blossoms' Handmade & Hand-painted Planter Pot In Terracotta (4 Inch),649,table-planters,cdn.shopify.com/s/files/1/0030/9759/1872/products/EL-021-107_A_400x.jpg
142,'Melting Glaciers' Studio Pottery Planters (Set Of 2),549,table-planters,cdn.shopify.com/s/files/1/0030/9759/1872/products/el-021-018_a_1_400x.jpg
143,'Moroccan Roots' Handpainted Planters In Ceramic (Set Of 2),549,table-planters,cdn.shopify.com/s/files/1/0030/9759/1872/products/el-021-006_a_400x.jpg
144,'Spirit of Earth' Handmade & Hand Painted Planter Pot In Terracotta (6 Inches),649,table-planters,cdn.shopify.com/s/files/1/0030/9759/1872/products/Spirit-of-Earth_-Handmade-_-Hand-Painted-Planter-Pot-In-Terracotta-_6-Inches_6_400x.jpg
145,'Wishing Well' Handmade & Hand Painted Planter Pot In Terracotta (7 Inches),725,table-planters,cdn.shopify.com/s/files/1/0030/9759/1872/products/Wishing-Well_-Handmade-_-Hand-Painted-Planter-Pot-In-Terracotta-_7-Inches_5_400x.jpg
146,"'Indigo Chevron Duo' Hand-painted Ceramic Cuboidal Table Planter Pots (3.7 Inch, Set of 2)",549,table-planters,cdn.shopify.com/s/files/1/0030/9759/1872/products/EL-021-120_A_400x.jpg
147,"'Pecking Hen Pair' Handmade & Hand-painted Planter Pots In Terracotta (4 Inch, Set of 2)",1075,table-planters,cdn.shopify.com/s/files/1/0030/9759/1872/products/EL-021-106_A_400x.jpg
148,'Cheerful Sheep' Handmade & Hand Painted Planter Pot In Terracotta (8 Inches),699,table-planters,cdn.shopify.com/s/files/1/0030/9759/1872/products/Cheerful-Sheep_-Handmade-_-Hand-Painted-Planter-Pot-In-Terracotta-8-Inches_6_400x.jpg
149,'Curios Sheep' Handmade & Hand-painted Planter Pot In Terracotta (6 Inch),649,table-planters,cdn.shopify.com/s/files/1/0030/9759/1872/products/EL-021-100_A_400x.jpg
150,'Cheerful Sheep' Handmade & Hand-painted Planter Pot In Terracotta (6 Inch),649,table-planters,cdn.shopify.com/s/files/1/0030/9759/1872/products/EL-021-099_A_400x.jpg
151,'Plant On Wheels' Table Cum Floor Planter Pot In Glossy Red,584,table-planters,cdn.shopify.com/s/files/1/0030/9759/1872/products/el-021-048_a_400x.jpg
152,'Mellow Cat' Handmade & Hand-painted Planter Pot In Terracotta (6.5 Inch),584,table-planters,cdn.shopify.com/s/files/1/0030/9759/1872/products/EL-021-097_A_400x.jpg
153,'Plant In A Cup' Table Cum Floor Planter Pot In Glossy Red,775,table-planters,cdn.shopify.com/s/files/1/0030/9759/1872/products/el-021-050_a_400x.jpg
154,'Plant On Wheels' Table Cum Floor Planter Pot In Glossy Grass Green,649,table-planters,cdn.shopify.com/s/files/1/0030/9759/1872/products/el-021-049_a_400x.jpg
155,'Bloom in Tube' Handcrafted Wooden Planter Tubes With Holder,725,table-planters,cdn.shopify.com/s/files/1/0030/9759/1872/products/el-021-024_a_400x.jpg
156,"'Hut Dining' Handpainted Ceramic Dinner & Quarter Plates With Katoris (12 Pieces, Serving for 4)",4337,dinner-sets,cdn.shopify.com/s/files/1/0030/9759/1872/products/EL-005-751_A_1_400x.jpg
157,"'Hut Dining' Handpainted Ceramic Dinner Plates With Katoris & Serving Bowls (10 Pieces, Serving for 4)",3799,dinner-sets,cdn.shopify.com/s/files/1/0030/9759/1872/products/EL-005-749_A_1_400x.jpg
158,"'Hut Dining' Handpainted Ceramic Dinner Plates With Katoris (8 Pieces, Serving for 4)",2965,dinner-sets,cdn.shopify.com/s/files/1/0030/9759/1872/products/EL-005-748_A_1_400x.jpg
159,'The Hut Platter Pack' Hand-Painted Ceramic Plate With Serving Bowls Set,1099,dinner-sets,cdn.shopify.com/s/files/1/0030/9759/1872/products/el-005-465_a_400x.jpg
160,"'Moroccan Dining' Handpainted Ceramic Dinner Plates With Katoris (8 Pieces, Serving for 4)",2267,dinner-sets,cdn.shopify.com/s/files/1/0030/9759/1872/products/EL-005-746_A_2_400x.jpg
161,"'Moroccan Dining' Handpainted Ceramic Dinner Plates With Katoris & Serving Bowls (10 Pieces, Serving for 4)",2999,dinner-sets,cdn.shopify.com/s/files/1/0030/9759/1872/products/EL-005-747_A_1_400x.jpg
162,'Moroccan Platter Pack' Handpainted Plate With Serving Bowl Set Of 2 In Ceramic,925,dinner-sets,cdn.shopify.com/s/files/1/0030/9759/1872/products/el-005-395_a_400x.jpg
163,"'Earthen Turquoise' Hand Glazed Dinner Plates With Katoris In Ceramic (8 Pieces, Serving for 4, Microwave Safe)",2999,dinner-sets,cdn.shopify.com/s/files/1/0030/9759/1872/products/36_400x.png
164,"'Indigo Chevron' Hand-painted Ceramic Dinner Plates With Serving Bowls & Katoris (10 Pieces, Serving for 4, Microwave Safe)",3449,dinner-sets,cdn.shopify.com/s/files/1/0030/9759/1872/products/EL-005-878_A_400x.jpg
165,"'Indigo Chevron' Hand-painted Ceramic Dinner Plates With Side/Quarter Plates & Katoris (12 Pieces, Serving for 4, Microwave Safe)",3899,dinner-sets,cdn.shopify.com/s/files/1/0030/9759/1872/products/EL-005-877_A_400x.jpg
166,"'Earthen Turquoise' Hand Glazed Dinner Plates With Serving Bowls & Katoris In Ceramic (10 Pieces, Serving for 4, Microwave Safe)",3899,dinner-sets,cdn.shopify.com/s/files/1/0030/9759/1872/products/38_400x.png
167,"'Moroccan Floral' Hand-painted Studio Pottery Dinner Plates With Serving Bowls & Katoris In Ceramic (10 Pieces, Serving for 4, Microwave Safe)",3399,dinner-sets,cdn.shopify.com/s/files/1/0030/9759/1872/products/EL-005-832_A_400x.jpg
168,"'Earthen Turquoise' Hand Glazed Dinner Plate With Katoris In Ceramic (3 Pieces, Serving for 1, Microwave Safe)",1099,dinner-sets,cdn.shopify.com/s/files/1/0030/9759/1872/products/39_400x.png
169,"'Moroccan Meals' Hand-painted Ceramic Dinner Plates With Katoris (8 Pieces, Serving for 4, Microwave Safe)",2204,dinner-sets,cdn.shopify.com/s/files/1/0030/9759/1872/products/EL-005-838_A_400x.jpg
170,"'Indigo Chevron' Hand-painted Ceramic Dinner Plates With Katoris (8 Pieces, Serving for 4, Microwave Safe)",2799,dinner-sets,cdn.shopify.com/s/files/1/0030/9759/1872/products/EL-005-876_A_400x.jpg
171,"'Indigo Chevron' Hand-painted Ceramic Dinner Plate With Katoris (3 Pieces, Serving for 1, Microwave Safe)",1025,dinner-sets,cdn.shopify.com/s/files/1/0030/9759/1872/products/EL-005-875_A_400x.jpg
172,"'Earthen Turquoise' Hand Glazed Dinner Plates With Side/Quarter Plates & Katoris In Ceramic (12 Pieces, Serving for 4, Microwave Safe)",4399,dinner-sets,cdn.shopify.com/s/files/1/0030/9759/1872/products/37_400x.png
173,"'Moroccan Floral' Hand-painted Studio Pottery Dinner Plates With Katoris In Ceramic (8 Pieces, Serving for 4, Microwave Safe)",2499,dinner-sets,cdn.shopify.com/s/files/1/0030/9759/1872/products/EL-005-831_A_400x.jpg
174,"'Shubh Labh Ganesha' Wall Décor Brass Wall Hanging (Hand-Etched, 0.4 Kg)",1139,the-brass-beams,cdn.shopify.com/s/files/1/0030/9759/1872/products/EL-002-266_A_400x.jpg
175,"'Englighted Brass Ganesha' Showpiece Idol (Hand-Etched, 0.9 Kg)",2232,the-brass-beams,cdn.shopify.com/s/files/1/0030/9759/1872/products/EL-014-081_A_400x.jpg
176,"'Divine Brass Buddha' Showpiece Idol (Hand-Etched, 0.9 Kg)",2184,the-brass-beams,cdn.shopify.com/s/files/1/0030/9759/1872/products/EL-014-080_A_400x.jpg
177,"'Invisible Ganesha' Hand Etched Brass Diya (Hand-Etched, 8 Inch, 1.4 Kg)",2944,the-brass-beams,cdn.shopify.com/s/files/1/0030/9759/1872/products/EL-008-340_A_400x.jpg
178,"'Elegant Hand Etched' Brass Diya & Dhoop Incense Holder (Hand-Etched, 0.4 Kg)",1092,the-brass-beams,cdn.shopify.com/s/files/1/0030/9759/1872/products/EL-008-339_A_400x.jpg
179,"'Peacock' Decorative Table Hanging Brass Diya (5 Wicks, 0.6 Kg, Hand-Etched)",1709,the-brass-beams,cdn.shopify.com/s/files/1/0030/9759/1872/products/EL-008-338_A_400x.jpg
180,"'Parrot'  Decorative  Table Hanging Brass Diya (5 Wicks, 0.6 Kg, Hand-Etched)",1994,the-brass-beams,cdn.shopify.com/s/files/1/0030/9759/1872/products/EL-008-337_A_400x.jpg
181,"'Inaayat' Dhoop Dani Brass Incense Burner (Hand-Etched, 5 Inch, 0.9Kg)",1354,the-brass-beams,cdn.shopify.com/s/files/1/0030/9759/1872/products/EL-008-336_A_400x.jpg
182,"'Fying Angel Horse'  Brass Showpiece Figurine (Hand-Etched, 0.3 Kg)",974,the-brass-beams,cdn.shopify.com/s/files/1/0030/9759/1872/products/EL-025-185_A_400x.jpg
183,"'Chariot Brass Ganesha' Showpiece Idol (Hand-Etched, 0.7 Kg)",1899,the-brass-beams,cdn.shopify.com/s/files/1/0030/9759/1872/products/EL-014-079_A_400x.jpg
184,"'Nandi'  Carved Brass Showpiece Idol (Hand-Etched, 0.9Kg)",3229,the-brass-beams,cdn.shopify.com/s/files/1/0030/9759/1872/products/EL-025-182_A_400x.jpg
185,"'Lotus Shaped' Hand- Carved Brass Diya (Hand-Etched, 0.2 Kg)",594,the-brass-beams,cdn.shopify.com/s/files/1/0030/9759/1872/products/EL-008-335_A_400x.jpg
186,"'Swinging Ganesha'  Brass Showpiece (Hand-Etched, 1.3 Kg)",2469,the-brass-beams,cdn.shopify.com/s/files/1/0030/9759/1872/products/EL-014-078_A_400x.jpg
187,"'Kamdhenu Cow With Calf'  Brass Showpiece Idol (Hand-Etched, 0.3 Kg)",831,the-brass-beams,cdn.shopify.com/s/files/1/0030/9759/1872/products/EL-025-179_A_400x.jpg
188,"'Shankh'  Brass Diya In Brass (5 Wicks, 0.7 Kg, Hand-Etched)",1496,the-brass-beams,cdn.shopify.com/s/files/1/0030/9759/1872/products/EL-008-334_A_400x.jpg
189,"'Kamdhenu Cow With Calf' Hand Crafted Brass Showpiece Idol (Hand-Etched, 0.3 Kg)",854,the-brass-beams,cdn.shopify.com/s/files/1/0030/9759/1872/products/EL-025-178_A_400x.jpg
190,"'Shree Ganeshaye Namah' Wall Décor Brass Wall Hanging (Hand-Etched, 0.3Kg)",902,the-brass-beams,cdn.shopify.com/s/files/1/0030/9759/1872/products/EL-002-267_A_400x.jpg
191,"'Golden Parrot'  Decorative Wall Hanging Brass Diya (5 Wicks, 1.5 Kg, Hand-Etched)",2564,the-brass-beams,cdn.shopify.com/s/files/1/0030/9759/1872/products/EL-008-333_A_400x.jpg
192,'Blooming Wood' Handcrafted Wall Decor In Recycled Wood (12 Inch),1169,new-arrivals-wall-decor,cdn.shopify.com/s/files/1/0030/9759/1872/products/blooming-wood-handcrafted-wall-decor-in-recycled-wood-12-inch-el-002-237_1_400x.jpg
193,'Jubilant Jute' Handcrafted Wall Decor In Recycled Wood & Jute (14 Inch),1328,new-arrivals-wall-decor,cdn.shopify.com/s/files/1/0030/9759/1872/products/jubilant-jute-handcrafted-wall-decor-in-recycled-wood-_-jute-14-inch-el-002-244_1_400x.jpg
194,'Wooden Foliage' Handcrafted Wall Decor In Recycled Wood & Iron (14 Inch),1169,new-arrivals-wall-decor,cdn.shopify.com/s/files/1/0030/9759/1872/products/wooden-foliage-handcrafted-wall-decor-in-recycled-wood-_-iron-14-inch-el-002-243_1_400x.jpg
195,'White Tessellations' Handcrafted Wall Decor In Recycled Wood (18 Inch),1304,new-arrivals-wall-decor,cdn.shopify.com/s/files/1/0030/9759/1872/products/white-tessellations-handcrafted-wall-decor-in-recycled-wood-18-inch-el-002-241_1_400x.jpg
196,'Wooden Leaflet' Handcrafted Wall Decor In Recycled Wood & Iron (18 Inch),1373,new-arrivals-wall-decor,cdn.shopify.com/s/files/1/0030/9759/1872/products/wooden-leaflet-handcrafted-wall-decor-in-recycled-wood-_-iron-18-inch-el-002-240_1_400x.jpg
197,'Celtic Cotton Designs' Handcrafted Wall Decor In Recycled Wood (14 Inch),1214,new-arrivals-wall-decor,cdn.shopify.com/s/files/1/0030/9759/1872/products/celtic-cotton-designs-handcrafted-wall-decor-in-recycled-wood-14-inch-el-002-238_1_400x.jpg
198,'Wodden Florals' Handcrafted Wall Decor In Recycled Wood (12 Inch),1299,new-arrivals-wall-decor,cdn.shopify.com/s/files/1/0030/9759/1872/products/wodden-florals-handcrafted-wall-decor-in-recycled-wood-12-inch-el-002-236_1_400x.jpg
199,'Cane Designs' Handcrafted Wall Decor In Recycled Wood & Cane (14 Inch),1599,new-arrivals-wall-decor,cdn.shopify.com/s/files/1/0030/9759/1872/products/cane-designs-handcrafted-wall-decor-in-recycled-wood-_-cane-14-inch-el-002-239_1_400x.jpg
200,"'Nrityaki' Wall Décor Hanging In Recycled Wood (11 Inch, Hand-Painted, Multicoloured)",1249,new-arrivals-wall-hangings,cdn.shopify.com/s/files/1/0030/9759/1872/products/nrityaki-wall-decor-hanging-in-recycled-wood-11-inch-hand-painted-multicoloured-el-002-247_1_400x.jpg
201,"'Royal Elephant' Wall Décor Hanging In Recycled Wood (11 Inch, Hand-Painted, Multicoloured)",1249,new-arrivals-wall-hangings,cdn.shopify.com/s/files/1/0030/9759/1872/products/royal-elephant-wall-decor-hanging-in-recycled-wood-11-inch-hand-painted-multicoloured-el-002-245_1_400x.jpg
202,"'Chirping Birds' Wall Décor Hanging In Recycled Wood (11 Inch, Hand-Painted, Multicoloured)",1124,new-arrivals-wall-hangings,cdn.shopify.com/s/files/1/0030/9759/1872/products/chirping-birds-wall-decor-hanging-in-recycled-wood-11-inch-hand-painted-multicoloured-el-002-246_1_400x.jpg
203,"'Krishna Melodies' Wall Décor Hanging In Recycled Wood (11 Inch, Hand-Painted, Multicoloured)",1124,new-arrivals-wall-hangings,cdn.shopify.com/s/files/1/0030/9759/1872/products/EL-002-248_A_400x.jpg
204,'Glass Elegance' Handcrafted Cylindrical Hanging Pendant Lamp in Glass & Iron (7 Inch),1643,illuminations,cdn.shopify.com/s/files/1/0030/9759/1872/products/EL-003-319_A_400x.jpg
205,'Glass Splendours' Handcrafted Cuboidal Hanging Pendant Lamp in Glass & Iron (8 Inch),1529,illuminations,cdn.shopify.com/s/files/1/0030/9759/1872/products/EL-003-315_A_400x.jpg
206,'Glass Radiance' Handcrafted Octagonal Hanging Pendant Lamp in Glass & Iron (9 Inch),1709,illuminations,cdn.shopify.com/s/files/1/0030/9759/1872/products/EL-003-322_A_400x.jpg
207,'Glass Fluorescence' Handcrafted Conical Hanging Pendant Lamp in Glass & Iron (9 Inch),1583,illuminations,cdn.shopify.com/s/files/1/0030/9759/1872/products/EL-003-321_A_400x.jpg
208,'Glass Wonders' Handcrafted Cylindrical Hanging Pendant Lamp in Glass & Iron (9 Inch),1643,illuminations,cdn.shopify.com/s/files/1/0030/9759/1872/products/EL-003-320_A_400x.jpg
209,'Glass Flares' Handcrafted Hexagonal Hanging Pendant Lamp in Glass & Iron (8 Inch),1825,illuminations,cdn.shopify.com/s/files/1/0030/9759/1872/products/EL-003-318_A_400x.jpg
210,'Glass Miracles' Handcrafted Conical Hanging Pendant Lamp in Glass & Iron (8 Inch),1598,illuminations,cdn.shopify.com/s/files/1/0030/9759/1872/products/EL-003-317_A_400x.jpg
211,'Glass Sensations' Handcrafted Cuboidal Hanging Pendant Lamp in Glass & Iron (8 Inch),1304,illuminations,cdn.shopify.com/s/files/1/0030/9759/1872/products/EL-003-316_A_400x.jpg
212,'Glass Magnificence' Handcrafted Conical Hanging Pendant Lamp in Glass & Iron (8 Inch),1508,illuminations,cdn.shopify.com/s/files/1/0030/9759/1872/products/EL-003-314_A_400x.jpg
213,'Glass Glimmers' Handcrafted Cylindrical Hanging Pendant Lamp in Glass & Iron (8 Inch),1599,illuminations,cdn.shopify.com/s/files/1/0030/9759/1872/products/EL-003-313_A_400x.jpg
214,'Wood Divines' Handcrafted Cuboidal Hanging Pendant Lamp In Mango Wood (12 Inch),1709,illuminations,cdn.shopify.com/s/files/1/0030/9759/1872/products/wood-divines-handcrafted-cuboidal-hanging-pendant-lamp-in-mango-wood-12-inch-el-003-312_1_400x.jpg
215,'Wooden Paradise' Handcrafted Cuboidal Hanging Pendant Lamp In Mango Wood (12 Inch),1709,illuminations,cdn.shopify.com/s/files/1/0030/9759/1872/products/wooden-paradise-handcrafted-cuboidal-hanging-pendant-lamp-in-mango-wood-12-inch-el-003-311_1_400x.jpg
216,'Jute Sensations' Handwoven Pyramidal Hanging Pendant Lamp In Jute & Iron (11 Inch),1599,journeys-of-jute,cdn.shopify.com/s/files/1/0030/9759/1872/products/EL-003-286_A_400x.jpg
217,'Jute Joys' Handwoven Pyramidal Hanging Pendant Lamp In Jute & Iron (9 Inch),1599,journeys-of-jute,cdn.shopify.com/s/files/1/0030/9759/1872/products/EL-003-285_A_400x.jpg
218,'Cotton Paradise' Handwoven Conical Hanging Pendant Lamp In Cotton Rope & Iron (14 Inch),1799,journeys-of-jute,cdn.shopify.com/s/files/1/0030/9759/1872/products/cotton-paradise-handwoven-conical-hanging-pendant-lamp-in-cotton-rope-_-iron-14-inch-el-003-279_1_400x.jpg
219,"'Cotton Elegance' Handwoven Adjustable Chandelier With Hanging Lamp Shades In Cotton Rope & Iron (3 Shades, 28 Inch)",2999,journeys-of-jute,cdn.shopify.com/s/files/1/0030/9759/1872/products/cotton-elegance-handwoven-chandelier-with-hanging-lamp-shades-in-cotton-_-iron-3-shades_-28-inch-el-003-301_1_400x.jpg
220,'Monochrome Lights' Hand-Etched Cuboidal Hanging Pendant Lamp In Iron (11 Inch),1425,journeys-of-jute,cdn.shopify.com/s/files/1/0030/9759/1872/products/monochrome-lights-hand-etched-cuboidal-hanging-pendant-lamp-in-iron-11-inch-el-003-297_1_400x.jpg
221,'Jute Brilliance' Handwoven Cuboidal Hanging Pendant Lamp In Jute & Iron (11 Inch),1304,journeys-of-jute,cdn.shopify.com/s/files/1/0030/9759/1872/products/EL-003-276_A_400x.jpg
222,"'Cotton Sparkles' Handwoven Adjustable Chandelier With Hanging Lamp Shades In Cotton Rope & Iron (2 Shades, 27 Inch)",2399,journeys-of-jute,cdn.shopify.com/s/files/1/0030/9759/1872/products/cotton-sparkles-handwoven-chandelier-with-hanging-lamp-shades-in-cotton-_-iron-2-shades_-27-inch-el-003-300_1_400x.jpg
223,"'Cotton Lustres' Handwoven Adjustable Chandelier With Hanging Lamp Shades In Cotton Rope & Iron (3 Shades, 22 Inch)",2474,journeys-of-jute,cdn.shopify.com/s/files/1/0030/9759/1872/products/cotton-lustres-handwoven-chandelier-with-hanging-lamp-shades-in-cotton-_-iron-3-shades_-22-inch-el-003-299_1_400x.jpg
224,"'Jute Flares' Handwoven Adjustable Chandelier With Hanging Lamp Shades In Jute & Iron (3 Shades, 22 Inch)",2813,journeys-of-jute,cdn.shopify.com/s/files/1/0030/9759/1872/products/jute-flares-handwoven-chandelier-with-hanging-lamp-shades-in-jute-_-iron-3-shades_-22-inch-el-003-298_1_400x.jpg
225,'Cane Wonders' Handwoven Cylindrical Hanging Pendant Lamp In Cane & Iron (9 Inch),1799,journeys-of-jute,cdn.shopify.com/s/files/1/0030/9759/1872/products/cane-wonders-handwoven-cylindrical-hanging-pendant-lamp-in-cane-_-iron-9-inch-el-003-296_1_400x.jpg
226,'Jute Luminescence' Handwoven Spherical Hanging Pendant Lamp In Jute & Iron (8 Inch),1349,journeys-of-jute,cdn.shopify.com/s/files/1/0030/9759/1872/products/jute-luminescence-handwoven-spherical-hanging-pendant-lamp-in-jute-_-iron-8-inch-el-003-295_1_400x.jpg
227,'Jute Marvels' Handwoven Conical Hanging Pendant Lamp In Jute & Iron (14 Inch),1614,journeys-of-jute,cdn.shopify.com/s/files/1/0030/9759/1872/products/EL-003-293_A_400x.jpg
228,'Blazing Rope' Handwoven Conical Hanging Pendant Lamp In Band Rope & Iron (10 Inch),1549,journeys-of-jute,cdn.shopify.com/s/files/1/0030/9759/1872/products/EL-003-292_A_400x.jpg
229,'Rope Paradise' Handwoven Conical Hanging Pendant Lamp In Band Rope & Iron (10 Inch),1394,journeys-of-jute,cdn.shopify.com/s/files/1/0030/9759/1872/products/EL-003-290_A_400x.jpg
230,'Ebony Elegance' Hand-Etched Cylindrical Hanging Pendant Lamp In Iron  (11 Inch),1549,journeys-of-jute,cdn.shopify.com/s/files/1/0030/9759/1872/products/EL-003-289_A_400x.jpg
231,'Jute Miracles' Handwoven Cylindrical Hanging Pendant Lamp In Jute & Iron (11 Inch),1553,journeys-of-jute,cdn.shopify.com/s/files/1/0030/9759/1872/products/EL-003-287_A_400x.jpg
232,'Jute Embers' Handwoven Cylindrical Hanging Pendant Lamp In Jute & Iron (11 Inch),1394,journeys-of-jute,cdn.shopify.com/s/files/1/0030/9759/1872/products/EL-003-284_A_400x.jpg
233,'Jute Splendours' Handwoven Cylindrical Hanging Pendant Lamp In Jute & Iron (11 Inch),1439,journeys-of-jute,cdn.shopify.com/s/files/1/0030/9759/1872/products/EL-003-283_A_400x.jpg
234,'The Consious Owl' Hand-Painted Showpiece In Wood,1099,the-owl-family,cdn.shopify.com/s/files/1/0030/9759/1872/products/EL-025-141_A_400x.jpg
235,'The Enlightened Owl' Hand-Painted Showpiece In Wood,699,the-owl-family,cdn.shopify.com/s/files/1/0030/9759/1872/products/EL-025-142_A_400x.jpg
236,'The Calm Owl Pair' Hand-Painted Showpiece In Wood (Set of 2),899,the-owl-family,cdn.shopify.com/s/files/1/0030/9759/1872/products/EL-025-137_A_400x.jpg
237,'The Resting Owl Pair' Hand-Painted Showpiece In Wood (Set of 2),999,the-owl-family,cdn.shopify.com/s/files/1/0030/9759/1872/products/EL-025-138_A_400x.jpg
238,'The Wise Owl Pair' Hand-Painted Showpiece In Wood (Set of 2),999,the-owl-family,cdn.shopify.com/s/files/1/0030/9759/1872/products/EL-025-136_A_400x.jpg
239,'The Snowy Owl ' Hand-Painted Spectacle Holder Cum Showpiece In Wood,675,the-owl-family,cdn.shopify.com/s/files/1/0030/9759/1872/products/EL-025-145_A_400x.jpg
240,'The Staring Owl' Hand-Painted Showpiece In Wood,578,the-owl-family,cdn.shopify.com/s/files/1/0030/9759/1872/products/EL-025-143_A_68ff58f4-c3d1-461e-983f-d2de91d1f85d_400x.jpg
241,'The Ever Wise Owl' Hand Carved Showpiece In Wood,875,the-owl-family,cdn.shopify.com/s/files/1/0030/9759/1872/products/EL-025-147_A_400x.jpg
242,'The Silent Owl Pair' Hand-Painted Showpiece In Wood (Set of 2),1079,the-owl-family,cdn.shopify.com/s/files/1/0030/9759/1872/products/EL-025-140_A_400x.jpg
243,'The Serene Owl Pair' Hand-Painted Showpiece In Wood (Set of 2),1249,the-owl-family,cdn.shopify.com/s/files/1/0030/9759/1872/products/EL-025-139_A_400x.jpg
244,'The Attentive Owl' Hand Carved Wall Tea Light Holder In Mango Wood (7.8 Inch),764,the-owl-family,cdn.shopify.com/s/files/1/0030/9759/1872/products/EL-008-296_A_400x.jpg
245,'The Vigilant Owl' Hand Carved Wall Tea Light Holder In Mango Wood (7.5 Inch),730,the-owl-family,cdn.shopify.com/s/files/1/0030/9759/1872/products/EL-008-295_A_400x.jpg
246,'The Observant Owl' Hand Carved Showpiece In Wood,774,the-owl-family,cdn.shopify.com/s/files/1/0030/9759/1872/products/EL-025-146_A_400x.jpg
247,'The Knowledgeable Owl' Hand-Painted Showpiece In Wood,749,the-owl-family,cdn.shopify.com/s/files/1/0030/9759/1872/products/EL-025-143_A_400x.jpg
248,'The Wise Old Owl' Hand Carved Showpiece In Wood,788,the-owl-family,cdn.shopify.com/s/files/1/0030/9759/1872/products/EL-025-148_A_400x.jpg
249,'A New Life' Hand-Carved & Hand-Painted Wood Figurine Showpiece (Set of 2),1439,the-family-fables,cdn.shopify.com/s/files/1/0030/9759/1872/products/a-new-life-hand-carved-_-hand-painted-wood-figurine-showpiece-set-of-2_1_400x.jpg
250,'Heartbeats' Hand-Carved & Hand-Painted Wood Figurine Showpiece,899,the-family-fables,cdn.shopify.com/s/files/1/0030/9759/1872/products/heartbeats-hand-carved-_-hand-painted-wood-figurine-showpiece_1_400x.jpg
251,'Warm Vibes' Hand-Carved & Hand-Painted Wood Figurine Showpiece,899,the-family-fables,cdn.shopify.com/s/files/1/0030/9759/1872/products/warm-vibes-hand-carved-_-hand-painted-wood-figurine-showpiece_1_400x.jpg
252,'Family Tales' Hand-Carved & Hand-Painted Wood Figurine Showpiece (Set of 2),1439,the-family-fables,cdn.shopify.com/s/files/1/0030/9759/1872/products/family-tales-hand-carved-_-hand-painted-wood-figurine-showpiece-set-of-2_1_400x.jpg
253,'Familyhood Memories' Hand-Carved & Hand-Painted Wood Figurine Showpiece,1034,the-family-fables,cdn.shopify.com/s/files/1/0030/9759/1872/products/familyhood-memories-hand-carved-_-hand-painted-wood-figurine-showpiece_1_400x.jpg
254,'Love Above All' Hand-Carved & Hand-Painted Wood Figurine Showpiece,899,the-family-fables,cdn.shopify.com/s/files/1/0030/9759/1872/products/love-above-all-hand-carved-_-hand-painted-wood-figurine-showpiece_1_400x.jpg
255,'Pure Love' Hand-Carved & Hand-Painted Wood Figurine Showpiece,989,the-family-fables,cdn.shopify.com/s/files/1/0030/9759/1872/products/pure-love-hand-carved-_-hand-painted-wood-figurine-showpiece_1_400x.jpg
256,'Expecting Mother' Hand-Carved & Hand-Painted Wood Figurine Showpiece,899,the-family-fables,cdn.shopify.com/s/files/1/0030/9759/1872/products/expecting-mother-hand-carved-_-hand-painted-wood-figurine-showpiece_1_400x.jpg
257,'Fairy Dust' Hand-Carved & Hand-Painted Wood Figurine Showpiece,989,the-family-fables,cdn.shopify.com/s/files/1/0030/9759/1872/products/fairy-dust-hand-carved-_-hand-painted-wood-figurine-showpiece_1_400x.jpg
258,'Floral Cones ' Hand-painted Wall Planter Pots In Ceramic (Set of 2),899,new-ceramic-arrivals,cdn.shopify.com/s/files/1/0030/9759/1872/products/floral-cones-hand-painted-wall-planter-pots-in-ceramic-set-of-2_1_400x.jpg
259,'Buzzing Blues' Tea Chai Glasses In Stoneware With Iron Holder (Set of 6),1399,new-ceramic-arrivals,cdn.shopify.com/s/files/1/0030/9759/1872/products/buzzing-blues-tea-chai-glasses-in-stoneware-with-iron-holder-set-of-6_1_400x.jpg
260,'Refreshing Creams' Studio Pottery Ceramic Pickle & Jam Jar With Spoon,1199,new-ceramic-arrivals,cdn.shopify.com/s/files/1/0030/9759/1872/products/refreshing-creams-studio-pottery-ceramic-pickle-_-jam-jar-with-spoon_1_400x.jpg
261,"'Floral Feels' Hand-painted Bathroom Accessory Set In Ceramic (Liquid Soap Dispenser, Toothbrush Holder, Soap Tray)",1149,new-ceramic-arrivals,cdn.shopify.com/s/files/1/0030/9759/1872/products/floral-feels-hand-painted-bathroom-accessory-set-in-ceramic-liquid-soap-dispenser-toothbrush-holder-soap-tray_1_400x.jpg
262,"'Green Leaflets' Hand-painted Bathroom Accessory Set In Ceramic (Liquid Soap Dispenser, Toothbrush Holder)",899,new-ceramic-arrivals,cdn.shopify.com/s/files/1/0030/9759/1872/products/green-leaflets-hand-painted-bathroom-accessory-set-in-ceramic-liquid-soap-dispenser-toothbrush-holder_1_400x.jpg
263,'Peachy Mood' Tea Chai Glasses In Stoneware With Iron Holder (Set of 4),1199,new-ceramic-arrivals,cdn.shopify.com/s/files/1/0030/9759/1872/products/peachy-mood-tea-chai-glasses-in-stoneware-with-iron-holder-set-of-6_1_400x.jpg
264,"'Morning Sips' Handcrafted Studio Pottery Green Tea Filter Mug (Handcrafted, Studio Pottery, Turquoise Blue & Creamish White)",1025,new-ceramic-arrivals,cdn.shopify.com/s/files/1/0030/9759/1872/products/morning-sips-handcrafted-studio-pottery-green-tea-filter-mug-handcrafted-studio-pottery-turquoise-blue-_-creamish-white_1_400x.jpg
265,"'Cascading Creams' Hand-Glazed Serving Bowls With Tray In Stoneware (Set of 2, 200 ML)",1013,new-ceramic-arrivals,cdn.shopify.com/s/files/1/0030/9759/1872/products/cascading-creams-hand-glazed-serving-bowls-with-tray-in-stoneware-set-of-2-200-ml_1_400x.jpg
266,"'Tea Tales' Handcrafted Studio Pottery Green Tea Filter Mug (Handcrafted, Studio Pottery, Fern Green & Cream)",1025,new-ceramic-arrivals,cdn.shopify.com/s/files/1/0030/9759/1872/products/tea-tales-handcrafted-studio-pottery-green-tea-filter-mug-handcrafted-studio-pottery-fern-green-_-cream_1_400x.jpg
267,"'Morning Musts' Handcrafted Studio Pottery Green Tea Filter Mug (Handcrafted, Studio Pottery, Light Brown & Navy Blue)",999,new-ceramic-arrivals,cdn.shopify.com/s/files/1/0030/9759/1872/products/morning-musts-handcrafted-studio-pottery-green-tea-filter-mug-handcrafted-studio-pottery-light-brown-_-navy-blue_1_400x.jpg
268,'Tangy Blues' Studio Pottery Ceramic Pickle & Jam Jar With Spoon,1199,new-ceramic-arrivals,cdn.shopify.com/s/files/1/0030/9759/1872/products/tangy-blues-studio-pottery-ceramic-pickle-_-jam-jar-with-spoon_1_400x.jpg
269,'Pickle Perks' Studio Pottery Ceramic Pickle & Jam Jar With Spoon,1199,new-ceramic-arrivals,cdn.shopify.com/s/files/1/0030/9759/1872/products/pickle-perks-studio-pottery-ceramic-pickle-_-jam-jar-with-spoon_1_400x.jpg
270,'Blooming Blossoms' Hand-painted Wall Planter Pots In Ceramic (Set of 2),799,new-ceramic-arrivals,cdn.shopify.com/s/files/1/0030/9759/1872/products/blooming-blossoms-hand-painted-wall-planter-pots-in-ceramic-set-of-2_1_400x.jpg
271,"'Bustling Bunnies' Handpainted Garden Decorative Showpieces In Iron (Set of 3, 6 Inch)",1899,new-arrivals-showpieces,cdn.shopify.com/s/files/1/0030/9759/1872/products/bustling-bunnies-handpainted-garden-decorative-showpieces-in-iron-set-of-2-6-inch_1_400x.jpg
272,'Elephant Glories' Hand-Painted Table Tea Light Holder In Iron (5 Inch),1049,new-arrivals-showpieces,cdn.shopify.com/s/files/1/0030/9759/1872/products/elephant-glories-hand-painted-table-tea-light-holder-in-iron-5-inch_1_400x.jpg
273,"'Rajasthani Musical Trio' Handpainted Decorative Showpieces In Iron (Set of 3, 7 Inch)",1999,new-arrivals-showpieces,cdn.shopify.com/s/files/1/0030/9759/1872/products/rajasthani-musical-trio-handpainted-decorative-showpieces-in-iron-set-of-3-7-inch_1_400x.jpg
274,"'Rabbit Rumbles' Handpainted Garden Decorative Showpieces In Iron (Set of 3, 8 Inch)",1925,new-arrivals-showpieces,cdn.shopify.com/s/files/1/0030/9759/1872/products/rabbit-rumbles-handpainted-garden-decorative-showpieces-in-iron-set-of-3-8-inch_1_400x.jpg
275,"'Rabbit Buddies' Handpainted Garden Decorative Showpieces In Iron (Set of 3, 8 Inch)",1899,new-arrivals-showpieces,cdn.shopify.com/s/files/1/0030/9759/1872/products/rabbit-buddies-handpainted-garden-decorative-showpieces-in-iron-set-of-3-8-inch_1_400x.jpg
276,'Flute Player' Handpainted Decorative Showpiece In Iron (12 Inch),1148,new-arrivals-showpieces,cdn.shopify.com/s/files/1/0030/9759/1872/products/flute-player-handpainted-decorative-showpiece-in-iron-12-inch_1_400x.jpg
277,'Ethereal Elephant' Handpainted Decorative Showpiece In Iron (7 Inch),1049,new-arrivals-showpieces,cdn.shopify.com/s/files/1/0030/9759/1872/products/ethereal-elephant-handpainted-decorative-showpiece-in-iron-7-inch_1_400x.jpg
278,'Owl Mysteries' Handpainted Decorative Showpiece In Metal (9 Inch),1449,new-arrivals-showpieces,cdn.shopify.com/s/files/1/0030/9759/1872/products/owl-mysteries-handpainted-decorative-showpiece-in-metal-9-inch_1_400x.jpg
279,'Melodious Thaalwala' Handpainted Decorative Showpiece In Iron (12 Inch),1148,new-arrivals-showpieces,cdn.shopify.com/s/files/1/0030/9759/1872/products/melodious-thaalwala-handpainted-decorative-showpiece-in-iron-12-inch_1_400x.jpg
280,'Sitar Musician' Handpainted Decorative Showpiece In Iron (12 Inch),1275,new-arrivals-showpieces,cdn.shopify.com/s/files/1/0030/9759/1872/products/sitar-musician-handpainted-decorative-showpiece-in-iron-12-inch_1_400x.jpg
281,'Monkey Mischiefs' Hand-Painted Pen Stand In Metal (9 Inch),1124,new-arrivals-showpieces,cdn.shopify.com/s/files/1/0030/9759/1872/products/monkey-mischiefs-hand-painted-pen-stand-in-metal-9-inch_1_400x.jpg
282,"'Melodious Ganesha Trio' Handpainted Decorative Showpieces In Metal (Set of 3, 12 Inch)",2875,new-arrivals-showpieces,cdn.shopify.com/s/files/1/0030/9759/1872/products/melodious-ganesha-trio-handpainted-decorative-showpieces-in-metal-set-of-3-12-inch_1_400x.jpg
283,'Rocking Camel' Handpainted Decorative Showpiece In Iron (7 Inch),944,new-arrivals-showpieces,cdn.shopify.com/s/files/1/0030/9759/1872/products/rocking-camel-handpainted-decorative-showpiece-in-iron-7-incg_1_400x.jpg
284,"'Bird Buddies' Handpainted Garden Decorative Showpieces In Metal (Set of 2, 6 Inch)",1299,new-arrivals-showpieces,cdn.shopify.com/s/files/1/0030/9759/1872/products/bird-buddies-handpainted-garden-decorative-showpieces-in-metal-set-of-2-6-inch_1_400x.jpg
285,"'The Rabbit Trio' Handpainted Garden Decorative Showpieces In Iron (Set of 3, 7 Inch)",1899,new-arrivals-showpieces,cdn.shopify.com/s/files/1/0030/9759/1872/products/the-rabbit-trio-handpainted-garden-decorative-showpieces-in-iron-set-of-3-7-inch_1_400x.jpg
286,'Majestic Horse' Handpainted Decorative Showpiece In Iron (8 Inch),1049,new-arrivals-showpieces,cdn.shopify.com/s/files/1/0030/9759/1872/products/majestic-horse-handpainted-decorative-showpiece-in-iron-8-inch_1_400x.jpg
287,8 Terracotta Warli Handpainted Pots With Sheesham Wooden Frame Wall Hanging,2870,warli-art,cdn.shopify.com/s/files/1/0030/9759/1872/products/el-002-001_a_3_400x.jpg
288,Terracotta Warli Handpainted Pots Blue Set Of 3,718,warli-art,cdn.shopify.com/s/files/1/0030/9759/1872/products/EL-004-012_A_1cf34b83-3346-472e-857d-a17b853c8493_400x.jpg
289,9 Terracotta Warli Handpainted Pots With Sheesham Wooden Frame Wall Hanging,2899,warli-art,cdn.shopify.com/s/files/1/0030/9759/1872/products/el-002-003_1_400x.jpg
290,3 Terracotta Warli Handpainted Pots With Sheesham Wooden Hut Frame Wall Hanging,1399,warli-art,cdn.shopify.com/s/files/1/0030/9759/1872/products/el-002-006_a_3_400x.jpg
291,Terracotta Warli Handpainted Pots Yellow Set Of 3,725,warli-art,cdn.shopify.com/s/files/1/0030/9759/1872/products/EL-004-002_A_9fcc0246-3196-4187-9c8e-bf6d82434636_400x.jpg
292,'Brass People On Teak Wood' Warli Hand-Painted Key Holder With Dhokra Art (4 Hooks),1632,warli-art,cdn.shopify.com/s/files/1/0030/9759/1872/products/el-012-055_a_400x.jpg
293,Terracotta Warli Handpainted  Pen Stand Knitted Red,549,warli-art,cdn.shopify.com/s/files/1/0030/9759/1872/products/EL-007-001_A_400x.jpg
294,'Birds On Planks' Warli Hand-Painted Key Holder In Sheesham Wood (6 Hooks),1371,warli-art,cdn.shopify.com/s/files/1/0030/9759/1872/products/el-012-066_a_400x.jpg
295,Terracotta Warli Handpainted Pots Yellow Set Of 3,717,warli-art,cdn.shopify.com/s/files/1/0030/9759/1872/products/EL-004-010_A_823e6e8c-02f7-4add-950e-5c46c1003994_400x.jpg
296,20 Inch Dhokra And Warli Handpainted Wooden Lamp Brown,3562,warli-art,cdn.shopify.com/s/files/1/0030/9759/1872/products/el-003-038_a_3_400x.jpg
297,Terracotta Warli Handpainted Pots White Set Of 3,717,warli-art,cdn.shopify.com/s/files/1/0030/9759/1872/products/EL-004-001_A_6df12927-4de1-400d-ae17-a470e7db9a72_400x.jpg
298,Terracotta Warli Handpainted Pots Natural White Set Of 3,725,warli-art,cdn.shopify.com/s/files/1/0030/9759/1872/products/EL-004-003_A_c2551c74-1511-4493-9372-29df11a26bd6_400x.jpg
299,'Tribal Borders' Warli Hand-Painted Dhokra Key Holder In Sheesham Wood (6 Hooks),1335,warli-art,cdn.shopify.com/s/files/1/0030/9759/1872/products/el-012-064_a_400x.jpg
300,Terracotta Warli Handpainted Pots White Set Of 2,849,warli-art,cdn.shopify.com/s/files/1/0030/9759/1872/products/EL-004-005_A_400x.jpg
301,Terracotta Handpainted Warli Vase Matki Yellow 6 Inch,717,warli-art,cdn.shopify.com/s/files/1/0030/9759/1872/products/el-006-038_a_4_400x.jpg
302,'In-Key-Geneous' Warli Hand-Painted Wooden Key Holder With Dhokra Art,1349,warli-art,cdn.shopify.com/s/files/1/0030/9759/1872/products/EL-012-062_A_400x.jpg
303,Terracotta Warli Handpainted Pen Stand Knitted Yellow,549,warli-art,cdn.shopify.com/s/files/1/0030/9759/1872/products/EL-007-003_A_400x.jpg
304,'Art In A Name' Warli & Dhokra Customizable Sheesham Wood Name Plate With Handwritten Fonts,1949,warli-art,cdn.shopify.com/s/files/1/0030/9759/1872/products/el-002-090_a_400x.jpg
305,Terracotta Handpainted Warli Vase Matki Yellow 6 Inch,717,madhubani-art,cdn.shopify.com/s/files/1/0030/9759/1872/products/el-006-038_a_4_400x.jpg
306,'Paints & Planks' Madhubani Hand-Painted Nested Trays In Sheesham Wood (Set Of 2),2542,madhubani-art,cdn.shopify.com/s/files/1/0030/9759/1872/products/el-005-321_a_400x.jpg
307,14 Inch Terracotta Handpainted Madhubani  Tappered Lamp Black,2599,madhubani-art,cdn.shopify.com/s/files/1/0030/9759/1872/products/el-003-005_a_2_400x.jpg
308,'The Jute-Shade Log' Madhubani Hand-Painted Table Lamp In Wood,2177,madhubani-art,cdn.shopify.com/s/files/1/0030/9759/1872/products/el-003-155_a_400x.jpg
309,Madhubani Handpainted Bottle Shape Terracotta Vase Set,2599,madhubani-art,cdn.shopify.com/s/files/1/0030/9759/1872/products/el-006-056_a_1_400x.jpg
310,Madhubani Handpainted Terracotta Vase Set In Bright Orange,1899,madhubani-art,cdn.shopify.com/s/files/1/0030/9759/1872/products/el-006-058_a_3_400x.jpg
311,'In-Key-Geneous' Madhubani Hand-Painted Key Holder In Sheesham & Teak Wood (6 Hooks),1781,madhubani-art,cdn.shopify.com/s/files/1/0030/9759/1872/products/el-012-057_a_400x.jpg
312,Terracotta Handpainted Madhubani Vase Dholak Natural White 6 Inch,696,madhubani-art,cdn.shopify.com/s/files/1/0030/9759/1872/products/el-006-002_a_4_400x.jpg
313,Madhubani Hand-Painted Magazine & Newspaper Stand In Wood,1330,madhubani-art,cdn.shopify.com/s/files/1/0030/9759/1872/products/el-007-043_a_400x.jpg
314,Terracotta Handpainted Madhubani Matki Flat Natural White 5 Inch,604,madhubani-art,cdn.shopify.com/s/files/1/0030/9759/1872/products/el-006-006_a_3_400x.jpg
315,Terracotta Handpainted Warli Vase Matki Neck Natural White 6 Inch,725,madhubani-art,cdn.shopify.com/s/files/1/0030/9759/1872/products/el-006-022_a_3_400x.jpg
316,'Wonder-In Circles' Madhubani Hand-Painted Nested Wooden Trays (Set Of 2),2302,madhubani-art,cdn.shopify.com/s/files/1/0030/9759/1872/products/el-005-323_a_1_400x.jpg
317,'Glow & Shimmer' Matki Shaped Inctricate Madhubani Hand-Painted Table Lamp In Terracotta (13 Inches),1999,madhubani-art,cdn.shopify.com/s/files/1/0030/9759/1872/products/EL-003-177_A_400x.jpg
318,'The Red-Shade Log' Madhubani Hand-Painted Table Lamp In Wood,1999,madhubani-art,cdn.shopify.com/s/files/1/0030/9759/1872/products/el-003-156_a_400x.jpg
319,'Mini Triplets' Miniature Pots With Intricate Madhubani Hand-Painting In Terracotta (Set Of 3),799,madhubani-art,cdn.shopify.com/s/files/1/0030/9759/1872/products/EL-004-022_A_265d8e41-8128-4fee-8445-fba366ddd398_400x.jpg
320,Combo Of Terracotta Handpainted Vases Set Of 3,1959,madhubani-art,cdn.shopify.com/s/files/1/0030/9759/1872/products/el-018-033_a_400x.jpg
321,'The Brownie Elephant' Madhubani Hand-Painted Round Table Lamp In Wood,1631,madhubani-art,cdn.shopify.com/s/files/1/0030/9759/1872/products/el-003-154_a_400x.jpg
322,'Madhubani Shimmers' Hand-Painted Pot Shaped Round Table Lamp In Terracotta,1999,madhubani-art,cdn.shopify.com/s/files/1/0030/9759/1872/products/el-003-148_a_400x.jpg
323,Customizable Dhokra Name Plate With Handwritten Fonts,1849,dhokra-art,cdn.shopify.com/s/files/1/0030/9759/1872/products/el-002-025_a_3_400x.jpg
324,'Brass People On Teak Wood' Warli Hand-Painted Key Holder With Dhokra Art (4 Hooks),1632,dhokra-art,cdn.shopify.com/s/files/1/0030/9759/1872/products/el-012-055_a_400x.jpg
325,20 Inch Dhokra And Warli Handpainted Wooden Lamp Brown,3562,dhokra-art,cdn.shopify.com/s/files/1/0030/9759/1872/products/el-003-038_a_3_400x.jpg
326,'Tribal Borders' Warli Hand-Painted Dhokra Key Holder In Sheesham Wood (6 Hooks),1335,dhokra-art,cdn.shopify.com/s/files/1/0030/9759/1872/products/el-012-064_a_400x.jpg
327,'Art In A Name' Warli & Dhokra Customizable Sheesham Wood Name Plate With Handwritten Fonts,1949,dhokra-art,cdn.shopify.com/s/files/1/0030/9759/1872/products/el-002-090_a_400x.jpg
328,'Dhokr-A-Rrange' Hand-Painted  Wooden Table Organiser With Brass Figurines,1899,dhokra-art,cdn.shopify.com/s/files/1/0030/9759/1872/products/el-007-038_a_400x.jpg
329,Handcrafted Warli & Dhokra Art Wall Lamp,2299,dhokra-art,cdn.shopify.com/s/files/1/0030/9759/1872/products/el-003-120_a_2_400x.jpg
330,Dhokra Work And Warli Handpainted Horizontal Wall Décor,2099,dhokra-art,cdn.shopify.com/s/files/1/0030/9759/1872/products/el-002-032_a_5_400x.jpg
331,Wooden Plain Name Plate With Warli & Dhokra Art,892,dhokra-art,cdn.shopify.com/s/files/1/0030/9759/1872/products/el-002-075_a_1_400x.jpg
332,Dhokra Candle Stand With Bells,2249,dhokra-art,cdn.shopify.com/s/files/1/0030/9759/1872/products/lot-28_400x.jpg
333,Natural Wooden Log Wall Décor Set,2999,dhokra-art,cdn.shopify.com/s/files/1/0030/9759/1872/products/el-002-038_a_4_7564cad2-eb9d-463b-b434-18c80d1b3d31_400x.jpg
334,"'Tribal Dhokra Lady' Bohemian Brass Necklace Handmade In Dhokra Art (Brass, Wood, Matinee)",1069,dhokra-art,cdn.shopify.com/s/files/1/0030/9759/1872/products/EL-031-039_A_400x.jpg
335,Dhokra Work And Warli Handpainted Vertical Wall Décor,2098,dhokra-art,cdn.shopify.com/s/files/1/0030/9759/1872/products/el-002-031_a_4_400x.jpg
336,'Brass-y On Wood' Warli Hand-Painted Dhokra Towel Holder In Sheesham Wood,1649,dhokra-art,cdn.shopify.com/s/files/1/0030/9759/1872/products/el-022-010_a_400x.jpg
337,"""Tribal Men Rounds"" Bohemian Brass Necklace Handcrafted In Dhokra Art (Matinee)",1139,dhokra-art,cdn.shopify.com/s/files/1/0030/9759/1872/products/EL-031-027_A_400x.jpg
338,Wooden Plain Name Plate With Warli & Dhokra Art,1549,dhokra-art,cdn.shopify.com/s/files/1/0030/9759/1872/products/el-002-077_a_400x.jpg
339,'Art In A Name' Warli & Dhokra Plain Name Plate In Sheesham Wood,1529,dhokra-art,cdn.shopify.com/s/files/1/0030/9759/1872/products/el-002-089_a_1_400x.jpg
340,Sunset Orange & Ocean Blue Handpainted Warli & Dhokra Square Wall Painting Set,2299,dhokra-art,cdn.shopify.com/s/files/1/0030/9759/1872/products/el-002-073_a_1_400x.jpg
341,"""Pink Palace Hand Blocked"" Cushion Cover In Silk",371,hand-block-printing,cdn.shopify.com/s/files/1/0030/9759/1872/products/el-026-349_a_400x.jpg
342,"""Chevron Pattern Hand Blocked"" Cushion Cover In Silk (Set Of 2)",650,hand-block-printing,cdn.shopify.com/s/files/1/0030/9759/1872/products/el-026-334_a_400x.jpg
343,"""The Royal Tessellation Hand Blocked"" Cushion Cover In Silk (Set Of 2)",650,hand-block-printing,cdn.shopify.com/s/files/1/0030/9759/1872/products/el-026-338_a_400x.jpg
344,"""Chevron Pattern Hand Blocked"" Cushion Cover In Silk",371,hand-block-printing,cdn.shopify.com/s/files/1/0030/9759/1872/products/el-026-333_a_400x.jpg
345,'The Emperor's Flowers' Hand Block Printed Multi-Utility Travel Organizers In Cotton (Set of 3),2510,hand-block-printing,cdn.shopify.com/s/files/1/0030/9759/1872/products/EL-043-003_A_400x.jpg
346,'The Emperor's Flowers' Hand Block Printed Multi-Utility Travel Organizers In Cotton (Set of 3),2510,hand-block-printing,cdn.shopify.com/s/files/1/0030/9759/1872/products/EL-043-001_A_400x.jpg
347,"'The Emperor's Flowers' Hand Block Printed Cotton Table Mats (18 X 14 Inches, Set of 6)",1859,hand-block-printing,cdn.shopify.com/s/files/1/0030/9759/1872/products/EL-046-022_A_400x.jpg
348,"'The Emperor's Flowers' Hand Block Printed Cotton Table Mats (18 X 14 Inches, Set of 6)",1859,hand-block-printing,cdn.shopify.com/s/files/1/0030/9759/1872/products/EL-046-021_A_400x.jpg
349,"'The Emperor's Flowers' Hand Block Printed Cotton Table Mats (18 X 14 Inches, Set of 4)",1418,hand-block-printing,cdn.shopify.com/s/files/1/0030/9759/1872/products/EL-046-016_A_400x.jpg
350,"'The Emperor's Flowers' Hand Block Printed Cotton Bed Cover (Single Bed, 90 X 60 Inches)",2045,hand-block-printing,cdn.shopify.com/s/files/1/0030/9759/1872/products/EL-046-003_A_400x.jpg
351,"""Geometrical Ornaments Hand Blocked"" Cushion Cover In Silk",371,hand-block-printing,cdn.shopify.com/s/files/1/0030/9759/1872/products/EL-026-353_A_400x.jpg
352,"""Tessellation Pattern Hand Blocked"" Cushion Cover In Silk (Set Of 2)",650,hand-block-printing,cdn.shopify.com/s/files/1/0030/9759/1872/products/el-026-344_a_400x.jpg
353,'The Emperor's Flowers' Hand Block Printed Multi-Utility Travel Organizers In Cotton (Set of 3),2510,hand-block-printing,cdn.shopify.com/s/files/1/0030/9759/1872/products/EL-043-002_A_400x.jpg
354,"'The Emperor's Flowers' Hand Block Printed Cotton Table Mats (18 X 14 Inches, Set of 4)",1418,hand-block-printing,cdn.shopify.com/s/files/1/0030/9759/1872/products/EL-046-019_A_400x.jpg
355,"'The Emperor's Flowers' Hand Block Printed Cotton Table Mats (18 X 14 Inches, Set of 2)",767,hand-block-printing,cdn.shopify.com/s/files/1/0030/9759/1872/products/EL-046-018_A_400x.jpg
356,"'The Emperor's Flowers' Hand Block Printed Cotton Table Mat (18 X 14 Inches, Single)",464,hand-block-printing,cdn.shopify.com/s/files/1/0030/9759/1872/products/EL-046-017_A_400x.jpg
357,"'The Emperor's Flowers' Hand Block Printed Cotton Table Mats (18 X 14 Inches, Set of 2)",767,hand-block-printing,cdn.shopify.com/s/files/1/0030/9759/1872/products/EL-046-015_A_400x.jpg
358,"'The Emperor's Flowers' Hand Block Printed Cotton Table Mat (18 X 14 Inches, Single)",464,hand-block-printing,cdn.shopify.com/s/files/1/0030/9759/1872/products/EL-046-014_A_400x.jpg
359,Meenakari Royal Blue Swan Set Handenamelled In Metal,748,meenakari-art,cdn.shopify.com/s/files/1/0030/9759/1872/products/el-025-006_a_2_400x.jpg
360,Meenakari Royal Blue Tortoise Set Handenamelled In Metal,749,meenakari-art,cdn.shopify.com/s/files/1/0030/9759/1872/products/el-025-005_a_2_400x.jpg
361,Meenakari Royal Blue Elephant Family Handenamelled In Metal,1525,meenakari-art,cdn.shopify.com/s/files/1/0030/9759/1872/products/el-025-003_a_2_400x.jpg
362,Meenakari White Swan Handenamelled Set In Metal,775,meenakari-art,cdn.shopify.com/s/files/1/0030/9759/1872/products/el-025-018_a_400x.jpg
363,Meenakari Royal Blue Elephant Family Handenamelled In Metal,1011,meenakari-art,cdn.shopify.com/s/files/1/0030/9759/1872/products/el-025-004_a_2_400x.jpg
364,Sheesham Wood Circular Spice Box With Floral Work (9 Compartments),3299,pyrography-art,cdn.shopify.com/s/files/1/0030/9759/1872/products/65_400x.png
365,Multicoloured Wooden Handmade & Hand-Painted Bird Wind Chime With Kutchh Bell,890,pyrography-art,cdn.shopify.com/s/files/1/0030/9759/1872/products/el-015-039_a_400x.jpg
366,Bird Collection Wooden Handmade Decorative Wind Chime,1049,pyrography-art,cdn.shopify.com/s/files/1/0030/9759/1872/products/el-015-025_a_400x.jpg
367,Wooden Floral Leaf Design Napkin Holder,1249,pyrography-art,cdn.shopify.com/s/files/1/0030/9759/1872/products/el-005-220_a_1_400x.jpg
368,Floral Design Coasters Set Of 6 With Stand In Sheesham Wood,1441,pyrography-art,cdn.shopify.com/s/files/1/0030/9759/1872/products/61_13fc3920-a276-445f-92f0-43eaaf6d360d_400x.png
369,'Elephants' Trunk Down' Hand Carved Napkin Holder In Sheesham Wood,825,pyrography-art,cdn.shopify.com/s/files/1/0030/9759/1872/products/71_400x.png
370,'Mughal Jaali' Hand Carved Napkin Holder In Sheesham Wood,799,pyrography-art,cdn.shopify.com/s/files/1/0030/9759/1872/products/59_917fd7d5-e5fb-4090-85ef-59419e08a020_400x.png
371,Floral Work Cutlery Cum Stationery Holder,1441,pyrography-art,cdn.shopify.com/s/files/1/0030/9759/1872/products/73_400x.png
372,The 'Flowy Flora' Mughal Hand-Painted Ink Blue Decorative Ceramic Oil Bottle (1000 ML),849,all-ceramic,cdn.shopify.com/s/files/1/0030/9759/1872/products/el-005-490_a_3_400x.jpg
373,'Blues Of Sky' Studio Pottery Glazed Coffee Mugs In Ceramic (Set Of 2),649,all-ceramic,cdn.shopify.com/s/files/1/0030/9759/1872/products/el-005-344_a_400x.jpg
374,Old Fashioned Ceramic Jars With Hand Carved Tray,1799,all-ceramic,cdn.shopify.com/s/files/1/0030/9759/1872/products/63_62afde91-a019-4d06-b01b-c448c89c1c50_400x.png
375,"""Leaf Sips"" Hand-Painted & Handglazed Studio Pottery Coffee & Tea Mugs In Ceramic (Set of 2)",645,all-ceramic,cdn.shopify.com/s/files/1/0030/9759/1872/products/EL-005-620_A_400x.jpg
376,'Two Dips Of Hut' Hand-Painted Ceramic Chutney & Pickle Bowls (Set Of 2),449,all-ceramic,cdn.shopify.com/s/files/1/0030/9759/1872/products/el-005-471_a_400x.jpg
377,Ceramic Gas Stove Brewing Aroma Diffuser (Studio Pottery),1335,all-ceramic,cdn.shopify.com/s/files/1/0030/9759/1872/products/48_400x.png
378,'Cocoa Rims' Studio Pottery Tea & Coffee Mugs In Ceramic (Set Of 2),649,all-ceramic,cdn.shopify.com/s/files/1/0030/9759/1872/products/el-005-473_a_400x.jpg
379,'The Hut Handled Bowls'' Hand-Painted Ceramic Bowls (Set Of 2),799,all-ceramic,cdn.shopify.com/s/files/1/0030/9759/1872/products/el-005-467_a_400x.jpg
380,Studio Pottery Ceramic Cup & Saucer Set Of 6 In Brown,1775,all-ceramic,cdn.shopify.com/s/files/1/0030/9759/1872/products/el-005-228_a_400x.jpg
381,'The Hut Curved Serving' Hand-Painted Ceramic Bowls (Set Of 2),746,all-ceramic,cdn.shopify.com/s/files/1/0030/9759/1872/products/el-005-468_a_400x.jpg
382,Ceramic Oil Burner In White,899,all-ceramic,cdn.shopify.com/s/files/1/0030/9759/1872/products/el-008-024_a_400x.jpg
383,"""Mughal Roots"" Floral Hand-painted Ceramic Planter Pots (Set of 2)",799,all-ceramic,cdn.shopify.com/s/files/1/0030/9759/1872/products/EL-021-081_A_400x.jpg
384,'The Hut Jumbo Cuppas' Hand-Painted Mugs In Ceramic (Set Of 2),649,all-ceramic,cdn.shopify.com/s/files/1/0030/9759/1872/products/el-005-508_a_400x.jpg
385,'The Serving Hut Goblets'  Hand-Painted Serving Bowls In Ceramic (Set Of 6),1075,all-ceramic,cdn.shopify.com/s/files/1/0030/9759/1872/products/el-005-470_a_400x.jpg
386,"'Mint Chocolate' Hand Glazed Studio Pottery Tea & Coffee Mugs In Ceramic (Set of 2, 362 ML, Microwave Safe)",675,all-ceramic,cdn.shopify.com/s/files/1/0030/9759/1872/products/69_400x.png
387,"'The Hut Family' Hand-Painted Ceramic Quarter Plates (7 Inch, Set Of 6)",1778,all-ceramic,cdn.shopify.com/s/files/1/0030/9759/1872/products/el-005-462_a_400x.jpg
388,'The Hut Morning Companions' Hand-Painted Ceramic Tea & Coffee Cups (Set Of 6),1139,all-ceramic,cdn.shopify.com/s/files/1/0030/9759/1872/products/el-005-459_a_1_400x.jpg
389,'Amber & Teal' Studio Pottery Soup Bowls With Spoons In Ceramic (Set Of 4),1645,all-ceramic,cdn.shopify.com/s/files/1/0030/9759/1872/products/6_400x.png
390,"""Coloured Fish"" Handmade & Hand-Painted Garden Decorative Wall Hanging In Terracotta",989,all-terracotta,cdn.shopify.com/s/files/1/0030/9759/1872/products/EL-002-127_A_400x.jpg
391,Gayatri Mantra Terracotta Wall Hanging,840,all-terracotta,cdn.shopify.com/s/files/1/0030/9759/1872/products/el-002-019_a_5_400x.jpg
392,8 Terracotta Warli Handpainted Pots With Sheesham Wooden Frame Wall Hanging,2870,all-terracotta,cdn.shopify.com/s/files/1/0030/9759/1872/products/el-002-001_a_3_400x.jpg
393,Terracotta Warli Handpainted Pots Blue Set Of 3,718,all-terracotta,cdn.shopify.com/s/files/1/0030/9759/1872/products/EL-004-012_A_1cf34b83-3346-472e-857d-a17b853c8493_400x.jpg
394,Terracotta Handpainted Bird Feeder For Garden,675,all-terracotta,cdn.shopify.com/s/files/1/0030/9759/1872/products/el-021-004_a_4_400x.jpg
395,9 Terracotta Warli Handpainted Pots With Sheesham Wooden Frame Wall Hanging,2899,all-terracotta,cdn.shopify.com/s/files/1/0030/9759/1872/products/el-002-003_1_400x.jpg
396,'Swinging Hut' Handmade & Hand-painted Bird House In Terracotta (6 Inch),699,all-terracotta,cdn.shopify.com/s/files/1/0030/9759/1872/products/EL-021-114_A_400x.jpg
397,'Swinging Cottage' Handmade & Hand-painted Bird House In Terracotta (6 Inch),749,all-terracotta,cdn.shopify.com/s/files/1/0030/9759/1872/products/EL-021-115_A_400x.jpg
398,3 Terracotta Warli Handpainted Pots With Sheesham Wooden Hut Frame Wall Hanging,1399,all-terracotta,cdn.shopify.com/s/files/1/0030/9759/1872/products/el-002-006_a_3_400x.jpg
399,Terracotta Warli Handpainted Pots Yellow Set Of 3,725,all-terracotta,cdn.shopify.com/s/files/1/0030/9759/1872/products/EL-004-002_A_9fcc0246-3196-4187-9c8e-bf6d82434636_400x.jpg
400,"""Rooster & Chicks"" Handmade & Hand-Painted Garden Decorative Wall Hanging In Terracotta",899,all-terracotta,cdn.shopify.com/s/files/1/0030/9759/1872/products/EL-002-126_A_400x.jpg
401,Terracotta Warli Handpainted  Pen Stand Knitted Red,549,all-terracotta,cdn.shopify.com/s/files/1/0030/9759/1872/products/EL-007-001_A_400x.jpg
402,'Tribal Rustic Pot-Faces' In Terracotta With Jute Detailing (Set Of 2),791,all-terracotta,cdn.shopify.com/s/files/1/0030/9759/1872/products/EL-004-016_A_400x.jpg
403,Terracotta Warli Handpainted Pots Yellow Set Of 3,717,all-terracotta,cdn.shopify.com/s/files/1/0030/9759/1872/products/EL-004-010_A_823e6e8c-02f7-4add-950e-5c46c1003994_400x.jpg
404,Terracotta Warli Handpainted Pots White Set Of 3,717,all-terracotta,cdn.shopify.com/s/files/1/0030/9759/1872/products/EL-004-001_A_6df12927-4de1-400d-ae17-a470e7db9a72_400x.jpg
405,'Planting Moo' Handmade & Hand-painted Planter Pot In Terracotta (6 Inch),649,all-terracotta,cdn.shopify.com/s/files/1/0030/9759/1872/products/EL-021-098_A_400x.jpg
406,Terracotta Handpainted Aroma Diffusor In Red,749,all-terracotta,cdn.shopify.com/s/files/1/0030/9759/1872/products/el-008-002_a_3_400x.jpg
407,Terracotta Warli Handpainted Pots Natural White Set Of 3,725,all-terracotta,cdn.shopify.com/s/files/1/0030/9759/1872/products/EL-004-003_A_c2551c74-1511-4493-9372-29df11a26bd6_400x.jpg
408,"""Twelve Blends"" Spice Box With 12 Containers & Spoon In Sheesham Wood",1340,all-wood,cdn.shopify.com/s/files/1/0030/9759/1872/products/EL-005-614_A_400x.jpg
409,Sheesham Wood Square Spice Box With Spoon (9 Compartments),993,all-wood,cdn.shopify.com/s/files/1/0030/9759/1872/products/EL-005-058_A_400x.jpg
410,Sheesham Wood Square Spice Box With Spoon (9 Containers),1199,all-wood,cdn.shopify.com/s/files/1/0030/9759/1872/products/el-005-153_a_3_400x.jpg
411,14 Inch Pyramid Lamp In Sheesham Wood,1219,all-wood,cdn.shopify.com/s/files/1/0030/9759/1872/products/el-003-061-_a_400x.jpg
412,"""Bird Collection"" Brown Elegant Napkin Holder In Sheesham Wood""",1529,all-wood,cdn.shopify.com/s/files/1/0030/9759/1872/products/72_400x.png
413,'Floral Block' Hand Carved Towel Ring Holder In Sheesham Wood,1499,all-wood,cdn.shopify.com/s/files/1/0030/9759/1872/products/EL-022-066_A_400x.jpg
414,9 Terracotta Warli Handpainted Pots With Sheesham Wooden Frame Wall Hanging,2899,all-wood,cdn.shopify.com/s/files/1/0030/9759/1872/products/el-002-003_1_400x.jpg
415,Old Fashioned Ceramic Jars With Hand Carved Tray,1799,all-wood,cdn.shopify.com/s/files/1/0030/9759/1872/products/63_62afde91-a019-4d06-b01b-c448c89c1c50_400x.png
416,Customizable Dhokra Name Plate With Handwritten Fonts,1849,all-wood,cdn.shopify.com/s/files/1/0030/9759/1872/products/el-002-025_a_3_400x.jpg
417,Hand-Painted Fishes Napkin Holder In Sheesham Wood,1549,all-wood,cdn.shopify.com/s/files/1/0030/9759/1872/products/46_400x.png
418,'Brass People On Teak Wood' Warli Hand-Painted Key Holder With Dhokra Art (4 Hooks),1632,all-wood,cdn.shopify.com/s/files/1/0030/9759/1872/products/el-012-055_a_400x.jpg
419,'Birds On Planks' Warli Hand-Painted Key Holder In Sheesham Wood (6 Hooks),1371,all-wood,cdn.shopify.com/s/files/1/0030/9759/1872/products/el-012-066_a_400x.jpg
420,Sheesham Wood Circular Spice Box With Floral Work (9 Compartments),3299,all-wood,cdn.shopify.com/s/files/1/0030/9759/1872/products/65_400x.png
421,20 Inch Dhokra And Warli Handpainted Wooden Lamp Brown,3562,all-wood,cdn.shopify.com/s/files/1/0030/9759/1872/products/el-003-038_a_3_400x.jpg
422,'Rustic Radiance' Antique Finish Wall Tea Light Holder In Mango Wood & Sheesham Wood,549,all-wood,cdn.shopify.com/s/files/1/0030/9759/1872/products/EL-008-145_A_41d983f3-3751-422b-8a31-d14baf174278_400x.jpg
423,Unique Slanting Salt and Pepper Shaker With Wooden Engraved Tray In Sheesham Wood,949,all-wood,cdn.shopify.com/s/files/1/0030/9759/1872/products/el-005-059_a_3_400x.jpg
424,‘Nesting Pot-Faces’ Hand-Painted Bird Decorative Hanging In Terracotta & Wood,749,all-wood,cdn.shopify.com/s/files/1/0030/9759/1872/products/el-015-060_a_1_400x.jpg
425,‘Clinkering Songbirds’ Hand-Painted Decorative Hanging Bells Wind Chime In Metal & Wood,1682,all-wood,cdn.shopify.com/s/files/1/0030/9759/1872/products/el-015-057_a_400x.jpg
426,"'Floral-Etched' Handcrafted Spice Box In Brass With Spoon (7 Containers, 100 ML)",3208,all-brass,cdn.shopify.com/s/files/1/0030/9759/1872/products/EL-005-958_A_400x.jpg
427,"'Floral-Etched' Handcrafted Spice Box In Brass With Spoon (7 Containers, 40 ML)",3199,all-brass,cdn.shopify.com/s/files/1/0030/9759/1872/products/49_400x.png
428,"'Masala Blends' Handcrafted Spice Box In Brass With Spoon (7 Containers, 40 ML)",3249,all-brass,cdn.shopify.com/s/files/1/0030/9759/1872/products/EL-005-888_A_a37d3d23-b13a-4d32-94c2-25e92b7da3fc_400x.jpg
429,"'Tribal Dhokra Lady' Bohemian Brass Necklace Handmade In Dhokra Art (Brass, Wood, Matinee)",1069,all-brass,cdn.shopify.com/s/files/1/0030/9759/1872/products/EL-031-039_A_400x.jpg
430,'Elegant Peacock' Hand-Etched Decorative Hanging Bell In Brass (1139 Grams),2169,all-brass,cdn.shopify.com/s/files/1/0030/9759/1872/products/elegant-peacock-hand-etched-decorative-hanging-bell-in-brass-1139-grams_1_400x.jpg
431,'Lion Laurels ' Hand-Etched Cavred Door Knocker In Brass (343 Grams),1125,all-brass,cdn.shopify.com/s/files/1/0030/9759/1872/products/lion-laurels--hand-etched-cavred-door-knocker-in-brass-343-grams_1_400x.jpg
432,'Elephant Emblems' Hand-Etched Carved Door Knocker In Brass (919 Grams),1999,all-brass,cdn.shopify.com/s/files/1/0030/9759/1872/products/elephant-emblems-hand-etched-carved-door-knocker-in-brass-919-grams_1_400x.jpg
433,'Dancing Ganpati' Hand-Etched Decorative Hanging Bell In Brass (1279 Grams),2263,all-brass,cdn.shopify.com/s/files/1/0030/9759/1872/products/dancing-ganpati-hand-etched-decorative-hanging-bell-in-brass-1279-grams_1_400x.jpg
434,'Floral Fresh' Hand-Etched Hanging Tea-Light Holder In Metal With Wall Bracket (7.5 Inch),1599,all-brass,cdn.shopify.com/s/files/1/0030/9759/1872/products/floral-fresh-hand-etched-hanging-tea-light-holder-in-metal-with-wall-bracket-7_1_400x.jpg
435,"""Tribal Lady Faces"" Bohemain Brass Earrings Handcrafted In Dhokra Art",522,all-brass,cdn.shopify.com/s/files/1/0030/9759/1872/products/EL-030-011_A_400x.jpg
436,'Elephant Face Pair' Hand-Etched Wall Decor Hanging In Brass (500 Grams),1199,all-brass,cdn.shopify.com/s/files/1/0030/9759/1872/products/elephant-face-pair-hand-etched-wall-decor-hanging-in-brass-500-grams_1_400x.jpg
437,"""Tribal Women Faces"" Bohemain Brass Earrings Handcrafted In Dhokra Art",522,all-brass,cdn.shopify.com/s/files/1/0030/9759/1872/products/EL-030-005_A_400x.jpg
438,"""Tribal Ovoid Faces"" Bohemain Brass Earrings Handcrafted In Dhokra Art",546,all-brass,cdn.shopify.com/s/files/1/0030/9759/1872/products/EL-030-008_A_400x.jpg
439,'Shankh Balaji' Hand-Etched Wall Décor Hanging In Brass (436 Grams),1325,all-brass,cdn.shopify.com/s/files/1/0030/9759/1872/products/shankh-balaji-hand-etched-wall-decor-hanging-in-brass-436-grams_1_400x.jpg
440,'Gleeful Ganesha Hand-Etched Decorative Wall Hanging Diyas With Bells In Brass (500 Grams),1399,all-brass,cdn.shopify.com/s/files/1/0030/9759/1872/products/gleeful-ganesha-hand-etched-decorative-wall-hanging-diyas-with-bells-in-brass-500-grams_1_400x.jpg
441,'Beautiful Peacock Pair' Hand-Etched Carved Door Handle In Brass (636 Grams),1899,all-brass,cdn.shopify.com/s/files/1/0030/9759/1872/products/beautiful-peacock-pair-hand-etched-carved-door-handle-in-brass-636-grams_1_400x.jpg
442,"'Tribal Dhokra Ladies' Bohemian Earrings Handmade In Dhokra Art (Brass, 3.3 Inch)",474,all-brass,cdn.shopify.com/s/files/1/0030/9759/1872/products/EL-030-042_A_400x.jpg
443,"'Tribal Dhokra Ladies' Bohemian Earrings Handmade In Dhokra Art (Brass, Wood, 3.2 Inch)",569,all-brass,cdn.shopify.com/s/files/1/0030/9759/1872/products/EL-030-043_A_400x.jpg
444,Bird on Fence Handcrafted Tissue Holder In Iron,675,made-in-iron,cdn.shopify.com/s/files/1/0030/9759/1872/products/EL-005-703_A_400x.jpg
445,Birds On Branch Handcrafted Wall Sconce Tea Light Holder In Iron With Glass Holders,1038,made-in-iron,cdn.shopify.com/s/files/1/0030/9759/1872/products/EL-008-239_A_400x.jpg
446,Glowing Vines Handcrafted Wall Sconce Tea Light Holders In Iron With Glass Holders (Set of 2),1580,made-in-iron,cdn.shopify.com/s/files/1/0030/9759/1872/products/EL-008-240_A_400x.jpg
447,'Oasis Radiance' Hand-Painted Hanging Tea-Light Holder In Iron (Turquoise Blue),939,made-in-iron,cdn.shopify.com/s/files/1/0030/9759/1872/products/EL-008-222_A_400x.jpg
448,"Moroccan Shimmer Hand Etched Iron Table Lamp (13 Inch, Copper)",1675,made-in-iron,cdn.shopify.com/s/files/1/0030/9759/1872/products/EL-003-185_A_400x.jpg
449,"""Warli Mirror"" Hand-Painted Towel Ring Holder In Iron & Pine Wood",1199,made-in-iron,cdn.shopify.com/s/files/1/0030/9759/1872/products/EL-022-054_A_400x.jpg
450,"Moroccan Shimmer Hand Etched Iron Table Lamp (12 Inch, White)",1599,made-in-iron,cdn.shopify.com/s/files/1/0030/9759/1872/products/EL-003-187_A_400x.jpg
451,'Invisible Ganesha' Hand-painted Iron Tea Light Holder (11 Inch),999,made-in-iron,cdn.shopify.com/s/files/1/0030/9759/1872/products/EL-008-275_A_400x.jpg
452,"'Folk Music Mahotsav' Handpainted Decorative Showpieces (Set of 3, Iron, 8 Inch)",2349,made-in-iron,cdn.shopify.com/s/files/1/0030/9759/1872/products/EL-025-114_A_400x.jpg
453,"'Bustling Bunnies' Handpainted Garden Decorative Showpieces In Iron (Set of 3, 6 Inch)",1899,made-in-iron,cdn.shopify.com/s/files/1/0030/9759/1872/products/bustling-bunnies-handpainted-garden-decorative-showpieces-in-iron-set-of-2-6-inch_1_400x.jpg
454,Glowing Curved Handcrafted Wall Sconce Tea-Light Holders In Iron (Set of 2),446,made-in-iron,cdn.shopify.com/s/files/1/0030/9759/1872/products/EL-008-237_A_400x.jpg
455,"""The Copper Frustum"" Table Planter Pot With Triangular Stand In Iron (8,2 Inch)",693,made-in-iron,cdn.shopify.com/s/files/1/0030/9759/1872/products/EL-021-068_A_400x.jpg
456,'Elephant Glories' Hand-Painted Table Tea Light Holder In Iron (5 Inch),1049,made-in-iron,cdn.shopify.com/s/files/1/0030/9759/1872/products/elephant-glories-hand-painted-table-tea-light-holder-in-iron-5-inch_1_400x.jpg
457,"'Morrocan Treasure' Hand-etched Pendant Lamp In Iron (8 Inch, Matte Finish)",1699,made-in-iron,cdn.shopify.com/s/files/1/0030/9759/1872/products/EL-003-218_A_400x.jpg
458,"""The Red Bucket"" Wall Planter Pot With Curved Holder In Galvanized Iron",599,made-in-iron,cdn.shopify.com/s/files/1/0030/9759/1872/products/EL-021-070_A_400x.jpg
459,"'Rajasthani Tribal Lady Musicians' Hand-painted Decorative Showpieces (12 Inch, Set of 3, Iron)",2799,made-in-iron,cdn.shopify.com/s/files/1/0030/9759/1872/products/EL-025-102_A_400x.jpg
460,'Mandala Star' Hand Etched Table Lamp In Iron & Mango Wood (11 Inch),1799,made-in-iron,cdn.shopify.com/s/files/1/0030/9759/1872/products/EL-003-232_B_400x.jpg
461,"'Morrocan Waves' Hand-etched Pendant Lamp In Iron (14 Inch, Matte Finish)",1599,made-in-iron,cdn.shopify.com/s/files/1/0030/9759/1872/products/EL-003-222_A_400x.jpg
462,"""The Mughal Aakar"" Hand-Painted Table Spoons In Stainless Steel & Ceramic (Set of 6)",1249,made-in-stailness-steel,cdn.shopify.com/s/files/1/0030/9759/1872/products/EL-005-649_A_400x.jpg
463,"""The Mughal Patti"" Hand-Painted Table Spoons In Stainless Steel & Ceramic (Set of 6)",1249,made-in-stailness-steel,cdn.shopify.com/s/files/1/0030/9759/1872/products/EL-005-647_A_400x.jpg
464,"""The Mughal Paich Daar"" Hand-Painted Cake Server & Bread Knife In Stainless Steel & Ceramic (Set of 2)",1149,made-in-stailness-steel,cdn.shopify.com/s/files/1/0030/9759/1872/products/EL-005-637_A_400x.jpg
465,"""The Mughal Zahri"" Hand-Painted Cake Server & Bread Knife In Stainless Steel & Ceramic (Set of 2)",1034,made-in-stailness-steel,cdn.shopify.com/s/files/1/0030/9759/1872/products/EL-005-635_A_400x.jpg
466,"""The Mughal Paich Daar"" Hand-Painted Bottle Opener In Stainless Steel & Ceramic",425,made-in-stailness-steel,cdn.shopify.com/s/files/1/0030/9759/1872/products/EL-005-659_A_400x.jpg
467,"""The Mughal Patti"" Hand-Painted Table Forks In Stainless Steel & Ceramic (Set of 6)",1249,made-in-stailness-steel,cdn.shopify.com/s/files/1/0030/9759/1872/products/EL-005-642_A_400x.jpg
468,"""The Mughal Paich Daar"" Hand-Painted Table Spoons In Stainless Steel & Ceramic (Set of 6)",1249,made-in-stailness-steel,cdn.shopify.com/s/files/1/0030/9759/1872/products/EL-005-646_A_400x.jpg
469,"""The Mughal Patti"" Hand-Painted Serving Spoon Set In Stainless Steel & Ceramic (Set of 2)",1079,made-in-stailness-steel,cdn.shopify.com/s/files/1/0030/9759/1872/products/EL-005-633_A_400x.jpg
470,"""The Mughal Paich Daar"" Hand-Painted Table Forks In Stainless Steel & Ceramic (Set of 6)",1249,made-in-stailness-steel,cdn.shopify.com/s/files/1/0030/9759/1872/products/EL-005-644_A_400x.jpg
471,"""The Mughal Aakar"" Hand-Painted Table Forks In Stainless Steel & Ceramic (Set of 6)",1123,made-in-stailness-steel,cdn.shopify.com/s/files/1/0030/9759/1872/products/EL-005-643_A_400x.jpg
472,"""The Mughal Aakar"" Hand-Painted Serving Spoon Set In Stainless Steel & Ceramic (Set of 2)",1079,made-in-stailness-steel,cdn.shopify.com/s/files/1/0030/9759/1872/products/EL-005-632_A_400x.jpg
473,"""The Mughal Paich Daar"" Hand-Painted Serving Spoon Set In Stainless Steel & Ceramic (Set of 2)",1099,made-in-stailness-steel,cdn.shopify.com/s/files/1/0030/9759/1872/products/EL-005-631_A_400x.jpg
474,"""The Mughal Aakar"" Hand-Painted  Serving Spoon & Fork Set In Stainless Steel & Ceramic (Set of 2)",1149,made-in-stailness-steel,cdn.shopify.com/s/files/1/0030/9759/1872/products/EL-005-628_A_400x.jpg
475,"""The Mughal Paich Daar"" Hand-Painted Serving Fork & Scraper In Stainless Steel & Ceramic (Set of 2)",1149,made-in-stailness-steel,cdn.shopify.com/s/files/1/0030/9759/1872/products/EL-005-640_A_400x.jpg
476,"""The Mughal Patti"" Hand-Painted Table Knives In Stainless Steel & Ceramic (Set of 6)",1124,made-in-stailness-steel,cdn.shopify.com/s/files/1/0030/9759/1872/products/EL-005-651_A_400x.jpg
477,"""The Mughal Aakar"" Hand-Painted Cake Server & Bread Knife In Stainless Steel & Ceramic (Set of 2)",1149,made-in-stailness-steel,cdn.shopify.com/s/files/1/0030/9759/1872/products/EL-005-636_A_400x.jpg
478,"""The Mughal Paich Daar"" Hand-Painted Table Knives In Stainless Steel & Ceramic (Set of 6)",1199,made-in-stailness-steel,cdn.shopify.com/s/files/1/0030/9759/1872/products/EL-005-653_A_400x.jpg
479,"""The Mughal Zahri"" Hand-Painted Table Spoons In Stainless Steel & Ceramic (Set of 6)",1124,made-in-stailness-steel,cdn.shopify.com/s/files/1/0030/9759/1872/products/EL-005-648_A_400x.jpg
